timestamp,user_id,username,action,resource,resource_sensitivity,status,source_ip,time_classification
2025-04-20 13:02:00,USR00173,christopher.meyer,admin_operation,HRIS,high,success,192.168.73.220,business_hours
2025-04-22 05:48:00,USR00046,deepika.li,sql_query,Data_Lake,medium,success,192.168.127.154,business_hours
2025-04-22 15:52:00,USR00200,joseph.guo,export_data,Data_Lake,medium,success,192.168.45.173,business_hours
2025-04-23 03:32:00,USR00021,rohan.harris,admin_operation,BI_Tool,low,success,192.168.107.56,business_hours
2025-04-24 16:05:00,USR00164,anjali.sun,api_call,File_Share,low,success,192.168.117.89,business_hours
2025-04-25 10:45:00,USR00096,edward.thomas,api_call,HRIS,high,success,192.168.150.182,unusual_hours
2025-04-28 00:44:00,USR00059,thomas.lewis,file_access,File_Share,low,success,192.168.196.37,unusual_hours
2025-04-28 01:31:00,USR00299,leila.lee,export_data,Email_Archive,medium,success,192.168.46.89,night
2025-04-29 22:34:00,USR00028,paul.singh,file_access,Data_Lake,medium,success,192.168.208.90,business_hours
2025-04-30 02:52:00,USR00210,charles.lopez,file_access,GL_System,high,success,192.168.108.223,business_hours
2025-04-30 10:13:00,USR00179,xiulan.sharma,export_data,Admin_Console,medium,success,192.168.250.222,unusual_hours
2025-05-01 10:31:00,USR00121,joseph.perez,sql_query,HRIS,high,success,192.168.247.189,business_hours
2025-05-03 00:48:00,USR00150,daniel.wagner,login,HRIS,high,success,192.168.65.82,business_hours
2025-05-05 16:15:00,USR00036,nicholas.harris,api_call,File_Share,low,success,192.168.57.48,unusual_hours
2025-05-07 00:26:00,USR00061,sophia.hernandez,api_call,SIEM,medium,success,192.168.253.9,unusual_hours
2025-05-07 06:00:00,USR00010,jacob.patel,login,HRIS,high,success,192.168.42.176,business_hours
2025-05-08 16:48:00,USR00085,varun.rao,sql_query,File_Share,low,success,192.168.201.181,business_hours
2025-05-08 19:40:00,USR00002,kenneth.moore,api_call,BI_Tool,low,success,192.168.105.69,business_hours
2025-05-09 01:36:00,USR00087,aditya.taylor,api_call,HRIS,high,success,192.168.53.68,business_hours
2025-05-10 08:37:00,USR00151,priya.white,admin_operation,HRIS,high,success,192.168.142.233,business_hours
2025-05-10 08:50:00,USR00004,diya.anderson,file_access,PROD_DB,high,success,192.168.92.48,business_hours
2025-05-12 07:58:00,USR00032,pooja.martin,file_access,HRIS,high,success,192.168.27.56,business_hours
2025-05-14 13:52:00,USR00211,rajesh.gupta,login,GL_System,high,success,192.168.159.102,business_hours
2025-05-15 01:23:00,USR00270,robert.ramirez,login,PROD_DB,high,success,192.168.99.209,business_hours
2025-05-15 13:58:00,USR00222,jason.rizzo,login,SIEM,medium,success,192.168.27.75,business_hours
2025-05-18 04:24:00,USR00122,nisha.li,admin_operation,Email_Archive,medium,success,192.168.61.14,business_hours
2025-05-19 19:28:00,USR00124,david.russo,admin_operation,Admin_Console,medium,success,192.168.72.36,business_hours
2025-05-19 20:19:00,USR00270,robert.ramirez,sql_query,Email_Archive,medium,success,192.168.27.179,business_hours
2025-05-19 23:19:00,USR00111,james.sharma,api_call,SIEM,medium,success,192.168.13.20,business_hours
2025-05-20 09:52:00,USR00049,thomas.kang,sql_query,SIEM,medium,success,192.168.191.158,unusual_hours
2025-05-21 14:25:00,USR00252,nadia.singh,sql_query,GL_System,high,failure,192.168.32.148,business_hours
2025-05-22 10:46:00,USR00200,joseph.guo,sql_query,GL_System,high,success,192.168.83.22,business_hours
2025-05-24 18:49:00,USR00183,kenneth.johnson,login,Admin_Console,medium,success,192.168.188.0,night
2025-05-26 17:27:00,USR00197,kevin.white,export_data,File_Share,low,success,192.168.49.117,unusual_hours
2025-05-27 07:15:00,USR00242,deepika.garcia,admin_operation,Email_Archive,medium,success,192.168.161.217,business_hours
2025-05-27 10:34:00,USR00188,meera.schmidt,admin_operation,File_Share,low,success,192.168.249.147,business_hours
2025-05-28 01:58:00,USR00213,riya.colombo,api_call,BI_Tool,low,success,192.168.71.139,business_hours
2025-05-30 20:55:00,USR00200,joseph.guo,login,Email_Archive,medium,success,192.168.37.32,business_hours
2025-06-03 04:19:00,USR00221,rajesh.smith,file_access,GL_System,high,success,192.168.212.80,business_hours
2025-06-03 06:40:00,USR00166,amara.smith,sql_query,BI_Tool,low,success,192.168.21.0,business_hours
2025-06-03 09:48:00,USR00231,rajesh.pillai,sql_query,HRIS,high,success,192.168.169.115,business_hours
2025-06-04 12:02:00,USR00294,kenneth.colombo,file_access,PROD_DB,high,success,192.168.132.159,business_hours
2025-06-05 08:59:00,USR00104,jeffrey.ghosh,admin_operation,GL_System,high,failure,192.168.114.178,business_hours
2025-06-05 17:43:00,USR00078,christopher.menon,api_call,GL_System,high,success,192.168.216.148,business_hours
2025-06-05 20:54:00,USR00166,amara.smith,export_data,File_Share,low,success,192.168.92.167,business_hours
2025-06-07 12:18:00,USR00060,vikram.gonzalez,api_call,BI_Tool,low,success,192.168.8.149,business_hours
2025-06-08 04:12:00,USR00004,diya.anderson,export_data,File_Share,low,success,192.168.166.114,business_hours
2025-06-09 10:45:00,USR00173,christopher.meyer,login,Email_Archive,medium,failure,192.168.27.18,business_hours
2025-06-09 23:49:00,USR00105,gary.murphy,login,Data_Lake,medium,success,192.168.249.115,business_hours
2025-06-10 11:37:00,USR00297,sofia.schmidt,sql_query,Customer_Vault,high,success,192.168.131.167,business_hours
2025-06-10 15:32:00,USR00241,amitabh.harris,export_data,Data_Lake,medium,success,192.168.198.193,business_hours
2025-06-11 07:32:00,USR00281,nikhil.verma,file_access,SIEM,medium,success,192.168.165.169,business_hours
2025-06-12 12:56:00,USR00120,david.sullivan,api_call,Customer_Vault,high,success,192.168.249.113,business_hours
2025-06-12 23:28:00,USR00008,thomas.iyer,login,Email_Archive,medium,success,192.168.155.31,business_hours
2025-06-15 06:24:00,USR00037,ronald.wilson,export_data,SIEM,medium,success,192.168.192.88,business_hours
2025-06-15 15:08:00,USR00076,stephen.guo,login,Customer_Vault,high,success,192.168.224.134,business_hours
2025-06-16 21:48:00,USR00108,xiulan.romano,api_call,Data_Lake,medium,success,192.168.234.64,business_hours
2025-06-17 06:53:00,USR00045,stephen.kumar,api_call,HRIS,high,success,192.168.142.174,unusual_hours
2025-06-17 23:05:00,USR00176,nisha.sharma,login,Admin_Console,medium,success,192.168.225.174,business_hours
2025-06-18 12:50:00,USR00002,kenneth.moore,login,HRIS,high,success,192.168.187.195,weekend
2025-06-19 21:23:00,USR00214,ryan.sanchez,login,HRIS,high,success,192.168.252.34,business_hours
2025-06-20 00:50:00,USR00176,nisha.sharma,api_call,Data_Lake,medium,success,192.168.247.74,business_hours
2025-06-24 02:04:00,USR00289,rajesh.jang,file_access,PROD_DB,high,success,192.168.18.181,business_hours
2025-06-24 16:58:00,USR00106,sanjana.quinn,file_access,Data_Lake,medium,success,192.168.155.178,business_hours
2025-06-26 07:43:00,USR00269,priya.lim,export_data,File_Share,low,success,192.168.132.42,business_hours
2025-06-26 09:15:00,USR00210,charles.lopez,login,Email_Archive,medium,success,192.168.204.152,business_hours
2025-06-26 12:46:00,USR00088,william.jang,admin_operation,GL_System,high,success,192.168.114.158,business_hours
2025-06-26 21:16:00,USR00036,nicholas.harris,sql_query,BI_Tool,low,success,192.168.251.49,business_hours
2025-06-29 14:32:00,USR00092,charles.sullivan,sql_query,GL_System,high,success,192.168.48.115,weekend
2025-07-01 13:57:00,USR00135,pooja.murphy,login,File_Share,low,success,192.168.20.17,business_hours
2025-07-03 17:38:00,USR00148,mark.hwang,sql_query,PROD_DB,high,success,192.168.127.0,business_hours
2025-07-04 14:59:00,USR00091,steven.thompson,admin_operation,Email_Archive,medium,success,192.168.4.133,business_hours
2025-07-04 16:37:00,USR00299,leila.lee,file_access,Customer_Vault,high,success,192.168.194.65,business_hours
2025-07-05 10:25:00,USR00273,rohan.bianchi,file_access,Customer_Vault,high,success,192.168.126.189,business_hours
2025-07-06 02:37:00,USR00295,james.sun,login,File_Share,low,success,192.168.199.74,business_hours
2025-07-06 08:32:00,USR00117,richard.kelly,login,SIEM,medium,success,192.168.212.175,business_hours
2025-07-06 22:02:00,USR00087,aditya.taylor,login,Customer_Vault,high,success,192.168.1.235,business_hours
2025-07-08 04:38:00,USR00267,jeffrey.ramirez,api_call,Admin_Console,medium,success,192.168.79.123,business_hours
2025-07-08 08:22:00,USR00249,james.muller,login,Email_Archive,medium,success,192.168.202.116,unusual_hours
2025-07-08 14:52:00,USR00047,george.clark,export_data,Data_Lake,medium,success,192.168.153.119,business_hours
2025-07-09 22:35:00,USR00083,ryan.thomas,export_data,PROD_DB,high,success,192.168.142.101,business_hours
2025-07-11 22:49:00,USR00261,nikhil.thomas,export_data,File_Share,low,success,192.168.226.12,business_hours
2025-07-12 22:39:00,USR00266,robert.thomas,admin_operation,HRIS,high,success,192.168.163.82,business_hours
2025-07-13 02:18:00,USR00181,george.smith,api_call,HRIS,high,success,192.168.176.19,business_hours
2025-07-14 19:41:00,USR00221,rajesh.smith,api_call,SIEM,medium,success,192.168.127.18,business_hours
2025-07-15 17:05:00,USR00044,pooja.mishra,file_access,HRIS,high,success,192.168.224.147,business_hours
2025-07-18 01:08:00,USR00294,kenneth.colombo,sql_query,Customer_Vault,high,success,192.168.54.11,unusual_hours
2025-07-19 00:53:00,USR00206,fatima.gupta,admin_operation,File_Share,low,success,192.168.252.111,business_hours
2025-07-19 05:55:00,USR00013,jonathan.jackson,api_call,SIEM,medium,success,192.168.36.0,business_hours
2025-07-19 07:15:00,USR00260,sofia.lewis,file_access,Admin_Console,medium,success,192.168.6.193,weekend
2025-07-19 09:38:00,USR00181,george.smith,api_call,Email_Archive,medium,success,192.168.238.52,unusual_hours
2025-07-19 10:58:00,USR00189,meera.rizzo,file_access,Admin_Console,medium,success,192.168.220.90,business_hours
2025-07-20 05:04:00,USR00046,deepika.li,export_data,Admin_Console,medium,success,192.168.248.78,business_hours
2025-07-23 07:10:00,USR00274,joseph.reilly,login,Data_Lake,medium,success,192.168.83.246,weekend
2025-07-23 22:28:00,USR00233,ronald.reddy,login,File_Share,low,success,192.168.134.222,business_hours
2025-07-24 00:27:00,USR00051,meera.quinn,login,Email_Archive,medium,success,192.168.176.56,business_hours
2025-07-24 01:04:00,USR00249,james.muller,admin_operation,PROD_DB,high,success,192.168.196.122,business_hours
2025-07-24 13:57:00,USR00058,anthony.taylor,file_access,Data_Lake,medium,success,192.168.117.96,business_hours
2025-07-26 08:01:00,USR00278,sofia.martin,file_access,HRIS,high,success,192.168.14.90,business_hours
2025-07-27 09:55:00,USR00167,michael.kelly,api_call,Email_Archive,medium,success,192.168.161.164,business_hours
2025-07-29 00:55:00,USR00011,maria.o'brien,sql_query,HRIS,high,success,192.168.83.227,business_hours
2025-07-30 18:34:00,USR00078,christopher.menon,admin_operation,PROD_DB,high,success,192.168.87.62,business_hours
2025-07-30 21:23:00,USR00037,ronald.wilson,sql_query,SIEM,medium,success,192.168.5.241,night
2025-08-01 23:48:00,USR00133,fatima.patel,file_access,BI_Tool,low,success,192.168.168.226,weekend
2025-08-03 00:51:00,USR00057,zainab.jo,api_call,HRIS,high,success,192.168.209.145,business_hours
2025-08-03 15:46:00,USR00174,pooja.romano,api_call,Data_Lake,medium,success,192.168.30.129,business_hours
2025-08-03 19:03:00,USR00286,ronald.lee,login,File_Share,low,success,192.168.44.223,business_hours
2025-08-03 21:10:00,USR00147,anthony.davis,api_call,SIEM,medium,success,192.168.225.238,business_hours
2025-08-04 10:22:00,USR00017,diya.schulz,export_data,Admin_Console,medium,success,192.168.72.13,unusual_hours
2025-08-04 12:59:00,USR00059,thomas.lewis,login,GL_System,high,success,192.168.2.121,business_hours
2025-08-06 17:02:00,USR00194,varun.taylor,admin_operation,Email_Archive,medium,success,192.168.152.183,business_hours
2025-08-06 22:17:00,USR00252,nadia.singh,api_call,File_Share,low,success,192.168.231.64,weekend
2025-08-08 10:58:00,USR00080,david.rodriguez,export_data,Admin_Console,medium,success,192.168.76.98,night
2025-08-09 08:06:00,USR00130,jeffrey.garcia,admin_operation,Data_Lake,medium,success,192.168.51.6,business_hours
2025-08-09 08:42:00,USR00004,diya.anderson,export_data,Email_Archive,medium,success,192.168.95.224,business_hours
2025-08-09 16:28:00,USR00066,ronald.martin,sql_query,Email_Archive,medium,success,192.168.48.41,weekend
2025-08-10 11:57:00,USR00009,aditya.burke,file_access,HRIS,high,success,192.168.202.173,business_hours
2025-08-12 03:42:00,USR00142,harsh.bernard,api_call,Customer_Vault,high,success,192.168.136.74,business_hours
2025-08-13 09:42:00,USR00046,deepika.li,login,File_Share,low,success,192.168.39.88,business_hours
2025-08-13 15:12:00,USR00254,james.kumar,admin_operation,Email_Archive,medium,success,192.168.191.245,unusual_hours
2025-08-15 04:58:00,USR00042,kenneth.sanchez,file_access,BI_Tool,low,success,192.168.214.45,night
2025-08-16 19:55:00,USR00134,richard.li,api_call,BI_Tool,low,failure,192.168.113.23,business_hours
2025-08-20 11:01:00,USR00164,anjali.sun,admin_operation,File_Share,low,success,192.168.242.241,business_hours
2025-08-21 04:52:00,USR00157,shruti.rossi,api_call,SIEM,medium,success,192.168.15.102,unusual_hours
2025-08-21 08:12:00,USR00201,daniel.jackson,export_data,File_Share,low,success,192.168.171.154,night
2025-08-21 14:21:00,USR00001,daniel.singh,login,BI_Tool,low,success,192.168.49.144,night
2025-08-21 16:18:00,USR00264,elena.johnson,login,Customer_Vault,high,success,192.168.129.104,business_hours
2025-08-22 05:49:00,USR00259,anthony.verma,login,PROD_DB,high,success,192.168.81.209,unusual_hours
2025-08-22 13:28:00,USR00148,mark.hwang,export_data,File_Share,low,success,192.168.120.188,weekend
2025-08-23 06:06:00,USR00176,nisha.sharma,export_data,Customer_Vault,high,success,192.168.89.16,business_hours
2025-08-24 20:34:00,USR00288,arjun.dubois,login,Customer_Vault,high,success,192.168.84.46,business_hours
2025-08-25 00:32:00,USR00236,harsh.connor,admin_operation,Data_Lake,medium,success,192.168.220.66,night
2025-08-25 05:47:00,USR00143,maria.gonzalez,file_access,Email_Archive,medium,success,192.168.187.102,weekend
2025-08-25 15:06:00,USR00019,joshua.white,api_call,Data_Lake,medium,success,192.168.141.64,business_hours
2025-08-25 20:59:00,USR00158,arjun.sanchez,sql_query,Customer_Vault,high,success,192.168.246.25,night
2025-08-26 03:56:00,USR00277,nicholas.schulz,admin_operation,GL_System,high,success,192.168.23.33,unusual_hours
2025-08-27 22:12:00,USR00101,paul.hoffmann,admin_operation,PROD_DB,high,success,192.168.243.236,business_hours
2025-08-28 06:36:00,USR00159,fatima.lee,sql_query,BI_Tool,low,success,192.168.47.247,unusual_hours
2025-08-28 15:51:00,USR00027,pooja.sullivan,admin_operation,HRIS,high,success,192.168.212.26,business_hours
2025-08-29 11:35:00,USR00088,william.jang,login,SIEM,medium,success,192.168.129.212,business_hours
2025-08-30 06:07:00,USR00222,jason.rizzo,api_call,HRIS,high,success,192.168.22.55,night
2025-08-31 22:07:00,USR00091,steven.thompson,export_data,Customer_Vault,high,success,192.168.59.222,business_hours
2025-09-02 09:47:00,USR00024,nicholas.jackson,api_call,HRIS,high,success,192.168.180.108,weekend
2025-09-05 00:21:00,USR00002,kenneth.moore,admin_operation,BI_Tool,low,success,192.168.201.185,night
2025-09-05 08:11:00,USR00218,zainab.garcia,file_access,Customer_Vault,high,failure,192.168.51.235,business_hours
2025-09-05 16:35:00,USR00279,nadia.reilly,sql_query,BI_Tool,low,success,192.168.118.252,business_hours
2025-09-05 21:11:00,USR00177,timothy.mishra,file_access,Admin_Console,medium,success,192.168.67.156,business_hours
2025-09-07 13:32:00,USR00218,zainab.garcia,login,BI_Tool,low,success,192.168.40.98,business_hours
2025-09-08 19:34:00,USR00283,thomas.meyer,api_call,SIEM,medium,success,192.168.243.31,business_hours
2025-09-08 22:44:00,USR00207,joseph.young,admin_operation,Customer_Vault,high,success,192.168.119.102,business_hours
2025-09-09 05:16:00,USR00160,kevin.rao,api_call,BI_Tool,low,success,192.168.15.208,business_hours
2025-09-10 00:42:00,USR00209,nikhil.martinez,export_data,File_Share,low,failure,192.168.226.106,night
2025-09-11 05:14:00,USR00209,nikhil.martinez,export_data,PROD_DB,high,success,192.168.189.88,unusual_hours
2025-09-11 12:26:00,USR00239,kevin.xu,admin_operation,Data_Lake,medium,success,192.168.96.27,night
2025-09-12 22:41:00,USR00216,gary.lee,export_data,Email_Archive,medium,success,192.168.204.37,business_hours
2025-09-14 02:48:00,USR00061,sophia.hernandez,file_access,File_Share,low,success,192.168.73.117,business_hours
2025-09-14 07:01:00,USR00278,sofia.martin,file_access,File_Share,low,success,192.168.199.105,business_hours
2025-09-14 22:07:00,USR00203,zainab.moore,export_data,Admin_Console,medium,success,192.168.35.184,business_hours
2025-09-15 07:11:00,USR00068,robert.patel,export_data,Data_Lake,medium,success,192.168.223.234,business_hours
2025-09-16 11:30:00,USR00059,thomas.lewis,file_access,Customer_Vault,high,success,192.168.242.243,business_hours
2025-09-17 09:18:00,USR00134,richard.li,file_access,BI_Tool,low,failure,192.168.181.205,business_hours
2025-09-17 13:47:00,USR00197,kevin.white,sql_query,PROD_DB,high,success,192.168.93.142,business_hours
2025-09-18 08:27:00,USR00092,charles.sullivan,export_data,BI_Tool,low,success,192.168.69.71,business_hours
2025-09-19 11:28:00,USR00172,anjali.jo,file_access,SIEM,medium,success,192.168.253.62,business_hours
2025-09-19 12:42:00,USR00158,arjun.sanchez,admin_operation,SIEM,medium,success,192.168.107.184,business_hours
2025-09-19 15:03:00,USR00112,ryan.rao,sql_query,Email_Archive,medium,success,192.168.168.174,night
2025-09-19 21:43:00,USR00151,priya.white,login,File_Share,low,success,192.168.5.194,business_hours
2025-09-20 08:04:00,USR00024,nicholas.jackson,sql_query,Customer_Vault,high,success,192.168.217.26,weekend
2025-09-21 11:02:00,USR00127,amitabh.davis,api_call,BI_Tool,low,success,192.168.54.131,business_hours
2025-09-22 07:30:00,USR00196,anjali.jackson,admin_operation,HRIS,high,success,192.168.104.54,business_hours
2025-09-23 19:17:00,USR00126,mark.patel,api_call,File_Share,low,success,192.168.66.102,business_hours
2025-09-23 21:23:00,USR00151,priya.white,sql_query,Email_Archive,medium,success,192.168.69.194,business_hours
2025-09-24 01:23:00,USR00261,nikhil.thomas,export_data,PROD_DB,high,success,192.168.147.204,business_hours
2025-09-24 15:49:00,USR00166,amara.smith,admin_operation,File_Share,low,success,192.168.218.95,business_hours
2025-09-25 03:53:00,USR00005,george.lim,file_access,Email_Archive,medium,success,192.168.125.158,unusual_hours
2025-09-25 12:55:00,USR00153,edward.rizzo,sql_query,Data_Lake,medium,success,192.168.77.2,unusual_hours
2025-09-26 06:42:00,USR00051,meera.quinn,file_access,BI_Tool,low,success,192.168.102.49,unusual_hours
2025-09-29 20:34:00,USR00104,jeffrey.ghosh,export_data,File_Share,low,success,192.168.93.113,business_hours
2025-09-29 21:16:00,USR00188,meera.schmidt,admin_operation,File_Share,low,success,192.168.56.217,business_hours
2025-09-30 13:06:00,USR00092,charles.sullivan,file_access,PROD_DB,high,success,192.168.39.33,business_hours
2025-10-02 12:28:00,USR00051,meera.quinn,export_data,Admin_Console,medium,success,192.168.0.22,business_hours
2025-10-05 00:11:00,USR00183,kenneth.johnson,admin_operation,SIEM,medium,success,192.168.34.21,business_hours
2025-10-05 09:02:00,USR00233,ronald.reddy,login,SIEM,medium,success,192.168.42.19,night
2025-10-05 13:11:00,USR00047,george.clark,admin_operation,SIEM,medium,success,192.168.101.39,unusual_hours
2025-10-05 13:57:00,USR00110,joshua.bhat,api_call,SIEM,medium,success,192.168.1.18,business_hours
2025-10-06 21:00:00,USR00045,stephen.kumar,login,BI_Tool,low,success,192.168.190.55,business_hours
2025-10-07 05:23:00,USR00007,robert.smith,file_access,GL_System,high,success,192.168.204.56,unusual_hours
2025-10-07 13:26:00,USR00140,riya.lim,file_access,HRIS,high,success,192.168.217.202,business_hours
2025-10-08 21:50:00,USR00214,ryan.sanchez,export_data,HRIS,high,success,192.168.24.191,business_hours
2025-10-09 04:34:00,USR00294,kenneth.colombo,api_call,PROD_DB,high,success,192.168.47.117,business_hours
2025-10-09 20:45:00,USR00032,pooja.martin,file_access,SIEM,medium,success,192.168.109.64,business_hours
2025-10-10 14:48:00,USR00226,ronald.esposito,sql_query,Email_Archive,medium,success,192.168.220.125,business_hours
2025-10-14 08:23:00,USR00189,meera.rizzo,api_call,HRIS,high,success,192.168.197.52,business_hours
2025-10-14 22:30:00,USR00260,sofia.lewis,file_access,Data_Lake,medium,success,192.168.197.7,business_hours
2025-10-15 02:55:00,USR00159,fatima.lee,file_access,Email_Archive,medium,success,192.168.1.105,unusual_hours
2025-10-16 19:11:00,USR00056,william.kumar,export_data,GL_System,high,success,192.168.212.87,weekend
2025-10-17 16:07:00,USR00060,vikram.gonzalez,api_call,Email_Archive,medium,failure,192.168.34.93,business_hours
2025-10-19 00:48:00,USR00082,arjun.hwang,export_data,Customer_Vault,high,success,192.168.236.181,business_hours
2025-10-19 08:42:00,USR00101,paul.hoffmann,admin_operation,BI_Tool,low,success,192.168.195.8,business_hours
2025-10-19 19:06:00,USR00170,sophia.smith,api_call,Customer_Vault,high,success,192.168.191.82,business_hours
2025-10-20 16:11:00,USR00037,ronald.wilson,file_access,Admin_Console,medium,success,192.168.73.46,business_hours
2025-10-22 10:07:00,USR00084,aditya.gupta,api_call,GL_System,high,success,192.168.90.80,business_hours
2025-10-22 18:52:00,USR00159,fatima.lee,login,File_Share,low,success,192.168.233.152,business_hours
2025-10-23 22:56:00,USR00122,nisha.li,file_access,File_Share,low,success,192.168.130.215,business_hours
2025-10-24 08:44:00,USR00007,robert.smith,api_call,Admin_Console,medium,failure,192.168.5.105,business_hours
2025-10-24 15:30:00,USR00244,stephen.iyer,file_access,Admin_Console,medium,success,192.168.43.185,night
2025-10-24 17:59:00,USR00185,anthony.thompson,export_data,GL_System,high,failure,192.168.184.14,business_hours
2025-10-25 10:09:00,USR00212,david.liu,api_call,Customer_Vault,high,success,192.168.118.218,business_hours
2025-10-28 06:20:00,USR00124,david.russo,export_data,Email_Archive,medium,success,192.168.248.153,business_hours
2025-10-28 11:43:00,USR00288,arjun.dubois,api_call,GL_System,high,success,192.168.229.113,business_hours
2025-10-30 10:40:00,USR00236,harsh.connor,file_access,Data_Lake,medium,success,192.168.130.47,business_hours
2025-10-31 07:50:00,USR00152,diya.ghosh,file_access,Email_Archive,medium,success,192.168.241.240,business_hours
2025-11-01 15:06:00,USR00171,xiulan.schulz,sql_query,Data_Lake,medium,success,192.168.61.59,unusual_hours
2025-11-02 03:14:00,USR00207,joseph.young,file_access,Admin_Console,medium,success,192.168.98.51,business_hours
2025-11-04 12:45:00,USR00035,nikhil.rao,admin_operation,Email_Archive,medium,success,192.168.42.154,business_hours
2025-11-05 18:17:00,USR00013,jonathan.jackson,export_data,SIEM,medium,success,192.168.117.32,business_hours
2025-11-08 02:16:00,USR00292,edward.esposito,api_call,Data_Lake,medium,failure,192.168.42.182,night
2025-11-09 00:15:00,USR00036,nicholas.harris,sql_query,PROD_DB,high,success,192.168.198.42,business_hours
2025-11-09 02:26:00,USR00221,rajesh.smith,admin_operation,PROD_DB,high,success,192.168.162.131,unusual_hours
2025-11-09 03:36:00,USR00148,mark.hwang,login,SIEM,medium,success,192.168.67.80,business_hours
2025-11-09 20:40:00,USR00251,jonathan.robinson,admin_operation,BI_Tool,low,success,192.168.43.36,business_hours
2025-11-11 05:55:00,USR00062,nisha.jones,admin_operation,Customer_Vault,high,success,192.168.241.183,business_hours
2025-11-11 11:44:00,USR00024,nicholas.jackson,admin_operation,Email_Archive,medium,success,192.168.158.235,business_hours
2025-11-12 08:16:00,USR00011,maria.o'brien,login,SIEM,medium,success,192.168.221.69,business_hours
2025-11-12 15:55:00,USR00296,joseph.taylor,sql_query,Data_Lake,medium,success,192.168.150.76,business_hours
2025-11-15 11:11:00,USR00258,meera.reddy,admin_operation,HRIS,high,failure,192.168.135.6,unusual_hours
2025-11-17 10:56:00,USR00026,stephen.bhat,api_call,Data_Lake,medium,success,192.168.201.25,night
2025-11-17 17:53:00,USR00259,anthony.verma,sql_query,PROD_DB,high,success,192.168.166.92,business_hours
2025-11-19 10:19:00,USR00239,kevin.xu,export_data,PROD_DB,high,success,192.168.214.40,business_hours
2025-11-20 07:44:00,USR00156,amitabh.white,sql_query,PROD_DB,high,success,192.168.128.97,business_hours
2025-11-21 07:30:00,USR00208,sanjana.moore,api_call,File_Share,low,failure,192.168.1.212,business_hours
2025-11-22 09:15:00,USR00157,shruti.rossi,admin_operation,Data_Lake,medium,success,192.168.188.172,business_hours
2025-11-22 23:22:00,USR00036,nicholas.harris,sql_query,PROD_DB,high,failure,192.168.46.68,business_hours
2025-11-23 10:53:00,USR00060,vikram.gonzalez,file_access,Email_Archive,medium,success,192.168.153.145,night
2025-11-24 04:36:00,USR00257,ryan.verma,sql_query,Email_Archive,medium,success,192.168.241.161,business_hours
2025-11-26 08:50:00,USR00055,neha.johnson,login,BI_Tool,low,success,192.168.178.70,business_hours
2025-11-26 17:12:00,USR00187,joshua.miller,api_call,Admin_Console,medium,success,192.168.236.77,business_hours
2025-11-26 21:37:00,USR00229,deepika.park,sql_query,Admin_Console,medium,success,192.168.199.141,night
2025-11-27 17:13:00,USR00135,pooja.murphy,export_data,Data_Lake,medium,success,192.168.158.217,weekend
2025-11-27 19:51:00,USR00284,william.patel,api_call,Data_Lake,medium,success,192.168.71.61,unusual_hours
2025-12-03 22:04:00,USR00184,vikram.williams,sql_query,Email_Archive,medium,success,192.168.214.180,business_hours
2025-12-04 12:03:00,USR00187,joshua.miller,file_access,File_Share,low,success,192.168.120.210,night
2025-12-04 14:47:00,USR00219,eric.iyer,file_access,SIEM,medium,success,192.168.141.75,night
2025-12-06 12:30:00,USR00018,meera.burke,file_access,Customer_Vault,high,success,192.168.157.71,business_hours
2025-12-07 14:19:00,USR00278,sofia.martin,admin_operation,File_Share,low,failure,192.168.117.202,unusual_hours
2025-12-07 20:11:00,USR00183,kenneth.johnson,file_access,File_Share,low,success,192.168.46.62,business_hours
2025-12-08 00:04:00,USR00163,sofia.rao,export_data,File_Share,low,success,192.168.79.181,business_hours
2025-12-08 22:06:00,USR00040,nicholas.romano,login,Data_Lake,medium,success,192.168.202.4,business_hours
2025-12-09 07:01:00,USR00075,timothy.huang,api_call,BI_Tool,low,success,192.168.51.237,business_hours
2025-12-10 01:24:00,USR00009,aditya.burke,api_call,SIEM,medium,success,192.168.74.207,business_hours
2025-12-10 02:23:00,USR00006,kevin.ramirez,admin_operation,GL_System,high,success,192.168.95.225,business_hours
2025-12-11 01:30:00,USR00115,steven.becker,export_data,Admin_Console,medium,success,192.168.33.58,business_hours
2025-12-11 07:37:00,USR00027,pooja.sullivan,export_data,Email_Archive,medium,success,192.168.148.131,business_hours
2025-12-11 10:05:00,USR00099,maria.bianchi,api_call,HRIS,high,success,192.168.179.181,business_hours
2025-12-12 14:10:00,USR00026,stephen.bhat,file_access,PROD_DB,high,success,192.168.15.127,business_hours
2025-12-12 15:42:00,USR00259,anthony.verma,login,BI_Tool,low,success,192.168.163.129,night
2025-12-12 21:49:00,USR00036,nicholas.harris,login,HRIS,high,success,192.168.236.197,business_hours
2025-12-14 03:28:00,USR00092,charles.sullivan,sql_query,Data_Lake,medium,success,192.168.104.188,business_hours
2025-12-14 04:05:00,USR00068,robert.patel,admin_operation,Admin_Console,medium,success,192.168.77.186,business_hours
2025-12-14 16:25:00,USR00289,rajesh.jang,api_call,File_Share,low,success,192.168.185.21,business_hours
2025-12-15 04:00:00,USR00039,stephen.bhat,login,Email_Archive,medium,success,192.168.180.100,business_hours
2025-12-15 14:13:00,USR00150,daniel.wagner,admin_operation,Customer_Vault,high,success,192.168.187.222,weekend
2025-12-15 20:30:00,USR00087,aditya.taylor,login,File_Share,low,success,192.168.168.24,weekend
2025-12-16 03:02:00,USR00223,nadia.quinn,file_access,HRIS,high,success,192.168.106.122,unusual_hours
2025-12-19 00:29:00,USR00083,ryan.thomas,export_data,GL_System,high,success,192.168.88.132,business_hours
2025-12-19 00:53:00,USR00186,deepika.jang,file_access,SIEM,medium,success,192.168.250.229,business_hours
2025-12-19 06:07:00,USR00148,mark.hwang,export_data,Email_Archive,medium,success,192.168.13.185,business_hours
2025-12-20 12:54:00,USR00281,nikhil.verma,file_access,HRIS,high,success,192.168.127.227,business_hours
2025-12-22 09:47:00,USR00142,harsh.bernard,login,Data_Lake,medium,success,192.168.146.250,business_hours
2025-12-22 15:26:00,USR00223,nadia.quinn,login,BI_Tool,low,success,192.168.179.82,unusual_hours
2025-12-23 16:39:00,USR00263,paul.ramirez,export_data,GL_System,high,success,192.168.176.95,night
2025-12-24 00:52:00,USR00010,jacob.patel,sql_query,File_Share,low,success,192.168.15.97,weekend
2025-12-25 21:59:00,USR00148,mark.hwang,export_data,Customer_Vault,high,success,192.168.176.14,business_hours
2025-12-28 05:20:00,USR00014,david.thomas,file_access,Admin_Console,medium,success,192.168.50.233,business_hours
2025-12-28 15:11:00,USR00015,sophia.white,export_data,Customer_Vault,high,success,192.168.220.8,unusual_hours
2025-12-28 17:54:00,USR00117,richard.kelly,file_access,GL_System,high,success,192.168.6.84,unusual_hours
2025-12-31 01:37:00,USR00237,ryan.davis,file_access,HRIS,high,success,192.168.234.172,weekend
2025-12-31 07:21:00,USR00286,ronald.lee,file_access,BI_Tool,low,success,192.168.239.30,business_hours
2026-01-02 11:38:00,USR00130,jeffrey.garcia,api_call,Admin_Console,medium,success,192.168.138.8,business_hours
2026-01-03 23:10:00,USR00192,timothy.taylor,login,SIEM,medium,success,192.168.249.79,business_hours
2026-01-04 05:20:00,USR00276,william.perez,export_data,SIEM,medium,success,192.168.205.234,unusual_hours
2026-01-04 12:05:00,USR00126,mark.patel,export_data,Admin_Console,medium,failure,192.168.94.160,business_hours
2026-01-04 15:56:00,USR00272,ryan.davis,api_call,HRIS,high,success,192.168.67.26,business_hours
2026-01-04 17:16:00,USR00219,eric.iyer,api_call,Customer_Vault,high,failure,192.168.32.19,business_hours
2026-01-05 13:25:00,USR00027,pooja.sullivan,api_call,File_Share,low,success,192.168.142.230,weekend
2026-01-07 07:12:00,USR00106,sanjana.quinn,api_call,File_Share,low,success,192.168.251.0,business_hours
2026-01-07 18:59:00,USR00286,ronald.lee,export_data,SIEM,medium,success,192.168.217.36,unusual_hours
2026-01-08 10:53:00,USR00006,kevin.ramirez,export_data,File_Share,low,success,192.168.79.246,business_hours
2026-01-10 13:25:00,USR00228,anthony.clark,export_data,Admin_Console,medium,success,192.168.40.30,business_hours
2026-01-11 23:59:00,USR00171,xiulan.schulz,sql_query,Admin_Console,medium,success,192.168.123.95,unusual_hours
2026-01-12 01:44:00,USR00008,thomas.iyer,file_access,Customer_Vault,high,success,192.168.146.168,business_hours
2026-01-14 03:37:00,USR00288,arjun.dubois,admin_operation,BI_Tool,low,success,192.168.104.172,business_hours
2026-01-14 15:29:00,USR00223,nadia.quinn,login,File_Share,low,success,192.168.37.51,business_hours
2026-01-14 18:54:00,USR00289,rajesh.jang,file_access,HRIS,high,success,192.168.128.101,unusual_hours
2026-01-15 15:25:00,USR00230,nicholas.romano,export_data,File_Share,low,success,192.168.24.248,weekend
2026-01-16 08:50:00,USR00142,harsh.bernard,api_call,Data_Lake,medium,success,192.168.231.9,unusual_hours
2026-01-17 10:02:00,USR00020,karan.white,file_access,Customer_Vault,high,failure,192.168.113.237,business_hours
2026-01-17 13:32:00,USR00064,zainab.pillai,api_call,BI_Tool,low,success,192.168.58.49,business_hours
2026-01-18 00:25:00,USR00234,maria.perez,file_access,HRIS,high,success,192.168.86.23,business_hours
2026-01-18 19:13:00,USR00172,anjali.jo,admin_operation,Customer_Vault,high,success,192.168.224.38,business_hours
2026-01-21 10:54:05,USR00067,donald.wang,login,PROD_DB,high,success,192.168.131.104,business_hours
2026-01-21 10:54:05,USR00081,isha.ghosh,api_call,PROD_DB,high,success,192.168.75.244,business_hours
2026-01-21 10:54:05,USR00036,nicholas.harris,admin_operation,Customer_Vault,high,success,192.168.153.66,business_hours
2026-01-21 10:54:05,USR00061,sophia.hernandez,file_access,HRIS,high,success,192.168.107.21,business_hours
2026-01-21 10:54:05,USR00122,nisha.li,export_data,Admin_Console,medium,success,192.168.38.73,business_hours
2026-01-21 10:54:05,USR00010,jacob.patel,login,PROD_DB,high,success,192.168.18.79,business_hours
2026-01-22 10:54:05,USR00284,william.patel,file_access,PROD_DB,high,success,192.168.104.90,business_hours
2026-01-22 10:54:05,USR00115,steven.becker,api_call,Admin_Console,medium,success,192.168.85.104,night
2026-01-22 10:54:05,USR00214,ryan.sanchez,admin_operation,SIEM,medium,success,192.168.112.96,business_hours
2026-01-22 10:54:05,USR00143,maria.gonzalez,admin_operation,Customer_Vault,high,success,192.168.169.102,weekend
2026-01-22 10:54:05,USR00239,kevin.xu,api_call,HRIS,high,success,192.168.174.242,business_hours
2026-01-22 10:54:05,USR00188,meera.schmidt,file_access,Data_Lake,medium,success,192.168.216.236,business_hours
2026-01-22 10:54:05,USR00121,joseph.perez,login,GL_System,high,success,192.168.230.139,unusual_hours
2026-01-22 10:54:05,USR00108,xiulan.romano,export_data,PROD_DB,high,success,192.168.222.184,business_hours
2026-01-23 10:54:05,USR00089,isha.chen,sql_query,Customer_Vault,high,success,192.168.151.252,business_hours
2026-01-23 10:54:05,USR00234,maria.perez,api_call,GL_System,high,success,192.168.2.235,night
2026-01-23 10:54:05,USR00146,pooja.clark,admin_operation,SIEM,medium,success,192.168.220.184,night
2026-01-23 10:54:05,USR00211,rajesh.gupta,export_data,File_Share,low,success,192.168.170.176,business_hours
2026-01-23 10:54:05,USR00093,nadia.muller,api_call,Admin_Console,medium,success,192.168.213.1,unusual_hours
2026-01-23 10:54:05,USR00271,donald.reddy,login,HRIS,high,success,192.168.100.236,business_hours
2026-01-24 10:54:05,USR00263,paul.ramirez,admin_operation,Customer_Vault,high,success,192.168.154.31,unusual_hours
2026-01-24 10:54:05,USR00299,leila.lee,login,Customer_Vault,high,success,192.168.91.223,business_hours
2026-01-24 10:54:05,USR00054,edward.smith,login,BI_Tool,low,success,192.168.36.57,night
2026-01-24 10:54:05,USR00200,joseph.guo,file_access,Email_Archive,medium,success,192.168.246.41,unusual_hours
2026-01-24 10:54:05,USR00239,kevin.xu,file_access,Admin_Console,medium,success,192.168.145.55,business_hours
2026-01-25 10:54:05,USR00259,anthony.verma,sql_query,Email_Archive,medium,failure,192.168.52.134,business_hours
2026-01-25 10:54:05,USR00087,aditya.taylor,login,PROD_DB,high,success,192.168.66.109,business_hours
2026-01-25 10:54:05,USR00215,nikhil.choi,admin_operation,PROD_DB,high,success,192.168.12.103,night
2026-01-25 10:54:05,USR00278,sofia.martin,admin_operation,PROD_DB,high,success,192.168.129.65,business_hours
2026-01-26 10:54:05,USR00025,diya.romano,admin_operation,PROD_DB,high,success,192.168.197.64,business_hours
2026-01-26 10:54:05,USR00218,zainab.garcia,admin_operation,GL_System,high,success,192.168.141.55,business_hours
2026-01-27 10:54:05,USR00045,stephen.kumar,sql_query,HRIS,high,success,192.168.133.196,unusual_hours
2026-01-28 10:54:05,USR00291,daniel.romano,export_data,SIEM,medium,success,192.168.141.145,unusual_hours
2026-01-28 10:54:05,USR00188,meera.schmidt,login,Customer_Vault,high,success,192.168.199.68,weekend
2026-01-28 10:54:05,USR00194,varun.taylor,login,Data_Lake,medium,success,192.168.168.2,weekend
2026-01-28 10:54:05,USR00160,kevin.rao,api_call,PROD_DB,high,success,192.168.166.57,night
2026-01-28 10:54:05,USR00237,ryan.davis,sql_query,GL_System,high,success,192.168.252.81,business_hours
2026-01-28 10:54:05,USR00131,david.yang,admin_operation,Email_Archive,medium,success,192.168.88.211,business_hours
2026-01-28 10:54:05,USR00221,rajesh.smith,export_data,SIEM,medium,success,192.168.44.158,night
2026-01-28 10:54:05,USR00026,stephen.bhat,admin_operation,File_Share,low,success,192.168.242.252,business_hours
2026-01-29 10:54:05,USR00205,paul.choi,login,PROD_DB,high,success,192.168.112.174,business_hours
2026-01-29 10:54:05,USR00240,jacob.park,export_data,BI_Tool,low,success,192.168.54.55,weekend
2026-01-29 10:54:05,USR00073,joshua.becker,file_access,GL_System,high,success,192.168.237.16,business_hours
2026-01-29 10:54:05,USR00001,daniel.singh,login,Email_Archive,medium,success,192.168.90.78,business_hours
2026-01-29 10:54:05,USR00287,nisha.ferrari,login,Data_Lake,medium,success,192.168.29.50,business_hours
2026-01-29 10:54:05,USR00197,kevin.white,sql_query,Admin_Console,medium,success,192.168.5.136,business_hours
2026-01-29 10:54:05,USR00011,maria.o'brien,login,HRIS,high,success,192.168.46.20,weekend
2026-01-29 10:54:05,USR00193,christopher.kang,admin_operation,PROD_DB,high,success,192.168.215.254,business_hours
2026-01-29 10:54:05,USR00200,joseph.guo,api_call,Customer_Vault,high,success,192.168.80.182,night
2026-01-29 10:54:05,USR00087,aditya.taylor,file_access,SIEM,medium,success,192.168.38.122,business_hours
2026-01-30 10:54:05,USR00054,edward.smith,login,SIEM,medium,success,192.168.57.228,business_hours
2026-01-30 10:54:05,USR00052,leila.sun,sql_query,PROD_DB,high,success,192.168.219.121,business_hours
2026-01-30 10:54:05,USR00060,vikram.gonzalez,api_call,Customer_Vault,high,success,192.168.249.86,business_hours
2026-01-30 10:54:05,USR00028,paul.singh,login,File_Share,low,success,192.168.120.184,business_hours
2026-01-30 10:54:05,USR00083,ryan.thomas,file_access,Customer_Vault,high,success,192.168.182.219,unusual_hours
2026-01-30 10:54:05,USR00295,james.sun,file_access,HRIS,high,success,192.168.173.184,night
2026-01-30 10:54:05,USR00072,amitabh.park,admin_operation,Customer_Vault,high,success,192.168.222.91,business_hours
2026-01-30 10:54:05,USR00071,richard.johnson,admin_operation,File_Share,low,success,192.168.241.41,night
2026-01-31 10:54:05,USR00127,amitabh.davis,login,Customer_Vault,high,success,192.168.105.57,unusual_hours
2026-01-31 10:54:05,USR00218,zainab.garcia,sql_query,Admin_Console,medium,success,192.168.211.154,weekend
2026-01-31 10:54:05,USR00192,timothy.taylor,file_access,Email_Archive,medium,success,192.168.180.127,night
2026-01-31 10:54:05,USR00139,akshay.choi,file_access,HRIS,high,success,192.168.192.212,business_hours
2026-01-31 10:54:05,USR00049,thomas.kang,api_call,Admin_Console,medium,success,192.168.32.67,weekend
2026-01-31 10:54:05,USR00059,thomas.lewis,login,GL_System,high,success,192.168.177.150,unusual_hours
2026-01-31 10:54:05,USR00114,anjali.romano,sql_query,Email_Archive,medium,success,192.168.208.246,business_hours
2026-01-31 10:54:05,USR00086,ryan.colombo,file_access,Email_Archive,medium,success,192.168.89.185,weekend
2026-01-31 10:54:05,USR00187,joshua.miller,api_call,SIEM,medium,success,192.168.185.184,weekend
2026-02-01 10:54:05,USR00250,akshay.rao,file_access,File_Share,low,success,192.168.249.210,business_hours
2026-02-01 10:54:05,USR00204,christopher.rodriguez,file_access,HRIS,high,success,192.168.205.68,business_hours
2026-02-01 10:54:05,USR00021,rohan.harris,sql_query,Email_Archive,medium,success,192.168.82.232,business_hours
2026-02-01 10:54:05,USR00118,michael.quinn,admin_operation,HRIS,high,success,192.168.227.158,business_hours
2026-02-01 10:54:05,USR00226,ronald.esposito,admin_operation,Admin_Console,medium,success,192.168.60.155,business_hours
2026-02-01 10:54:05,USR00230,nicholas.romano,admin_operation,File_Share,low,success,192.168.159.56,business_hours
2026-02-01 10:54:05,USR00102,william.garcia,sql_query,HRIS,high,success,192.168.230.89,weekend
2026-02-01 10:54:05,USR00196,anjali.jackson,file_access,File_Share,low,success,192.168.37.36,business_hours
2026-02-01 10:54:05,USR00143,maria.gonzalez,api_call,BI_Tool,low,success,192.168.1.65,business_hours
2026-02-02 10:54:05,USR00052,leila.sun,sql_query,Customer_Vault,high,success,192.168.237.116,business_hours
2026-02-02 10:54:05,USR00063,daniel.colombo,login,HRIS,high,success,192.168.150.38,business_hours
2026-02-02 10:54:05,USR00294,kenneth.colombo,export_data,GL_System,high,success,192.168.113.58,weekend
2026-02-02 10:54:05,USR00167,michael.kelly,export_data,Email_Archive,medium,success,192.168.95.221,business_hours
2026-02-03 10:54:05,USR00009,aditya.burke,admin_operation,Admin_Console,medium,success,192.168.148.229,business_hours
2026-02-03 10:54:05,USR00151,priya.white,file_access,Customer_Vault,high,success,192.168.126.62,unusual_hours
2026-02-03 10:54:05,USR00069,nikhil.jang,api_call,PROD_DB,high,success,192.168.48.18,unusual_hours
2026-02-04 10:54:05,USR00083,ryan.thomas,login,File_Share,low,success,192.168.254.47,unusual_hours
2026-02-04 10:54:05,USR00164,anjali.sun,api_call,File_Share,low,success,192.168.113.40,business_hours
2026-02-04 10:54:05,USR00298,joseph.miller,file_access,GL_System,high,success,192.168.23.116,night
2026-02-04 10:54:05,USR00158,arjun.sanchez,sql_query,Customer_Vault,high,success,192.168.167.112,business_hours
2026-02-05 10:54:05,USR00278,sofia.martin,api_call,Customer_Vault,high,success,192.168.179.163,business_hours
2026-02-05 10:54:05,USR00207,joseph.young,export_data,PROD_DB,high,success,192.168.222.199,business_hours
2026-02-05 10:54:05,USR00066,ronald.martin,login,Email_Archive,medium,success,192.168.117.170,business_hours
2026-02-05 10:54:05,USR00218,zainab.garcia,file_access,Customer_Vault,high,success,192.168.123.223,business_hours
2026-02-05 10:54:05,USR00118,michael.quinn,login,SIEM,medium,success,192.168.53.142,business_hours
2026-02-06 10:54:05,USR00060,vikram.gonzalez,export_data,PROD_DB,high,success,192.168.167.37,business_hours
2026-02-06 10:54:05,USR00162,thomas.russo,admin_operation,PROD_DB,high,success,192.168.151.126,business_hours
2026-02-06 10:54:05,USR00035,nikhil.rao,export_data,HRIS,high,success,192.168.114.16,unusual_hours
2026-02-06 10:54:05,USR00156,amitabh.white,login,File_Share,low,success,192.168.12.171,night
2026-02-06 10:54:05,USR00015,sophia.white,sql_query,File_Share,low,success,192.168.219.167,business_hours
2026-02-06 10:54:05,USR00091,steven.thompson,sql_query,Customer_Vault,high,success,192.168.33.78,unusual_hours
2026-02-06 10:54:05,USR00015,sophia.white,file_access,GL_System,high,success,192.168.193.53,business_hours
2026-02-07 10:54:05,USR00157,shruti.rossi,api_call,Customer_Vault,high,success,192.168.14.129,business_hours
2026-02-07 10:54:05,USR00102,william.garcia,login,SIEM,medium,success,192.168.146.70,business_hours
2026-02-07 10:54:05,USR00199,anjali.williams,sql_query,HRIS,high,success,192.168.135.79,unusual_hours
2026-02-08 10:54:05,USR00199,anjali.williams,file_access,PROD_DB,high,success,192.168.226.202,business_hours
2026-02-08 10:54:05,USR00094,donald.schulz,api_call,Admin_Console,medium,success,192.168.238.15,business_hours
2026-02-08 10:54:05,USR00201,daniel.jackson,file_access,BI_Tool,low,success,192.168.252.240,business_hours
2026-02-08 10:54:05,USR00259,anthony.verma,admin_operation,SIEM,medium,success,192.168.228.159,business_hours
2026-02-08 10:54:05,USR00262,aditya.mishra,login,BI_Tool,low,success,192.168.43.85,business_hours
2026-02-08 10:54:05,USR00234,maria.perez,export_data,SIEM,medium,success,192.168.42.55,unusual_hours
2026-02-09 10:54:05,USR00070,jeffrey.chen,sql_query,Data_Lake,medium,success,192.168.79.47,business_hours
2026-02-10 10:54:05,USR00164,anjali.sun,api_call,Customer_Vault,high,success,192.168.203.80,weekend
2026-02-10 10:54:05,USR00079,varun.weber,file_access,PROD_DB,high,success,192.168.118.56,business_hours
2026-02-10 10:54:05,USR00228,anthony.clark,sql_query,File_Share,low,success,192.168.180.140,business_hours
2026-02-10 10:54:05,USR00021,rohan.harris,login,GL_System,high,success,192.168.4.185,business_hours
2026-02-10 10:54:05,USR00273,rohan.bianchi,login,GL_System,high,success,192.168.58.31,business_hours
2026-02-10 10:54:05,USR00214,ryan.sanchez,api_call,GL_System,high,success,192.168.143.26,business_hours
2026-02-10 10:54:05,USR00272,ryan.davis,sql_query,File_Share,low,failure,192.168.169.172,business_hours
2026-02-10 10:54:05,USR00189,meera.rizzo,admin_operation,HRIS,high,success,192.168.11.81,business_hours
2026-02-11 10:54:05,USR00010,jacob.patel,file_access,GL_System,high,success,192.168.230.104,business_hours
2026-02-11 10:54:05,USR00164,anjali.sun,sql_query,Admin_Console,medium,success,192.168.246.179,business_hours
2026-02-11 10:54:05,USR00158,arjun.sanchez,login,GL_System,high,success,192.168.225.29,unusual_hours
2026-02-11 10:54:05,USR00041,matthew.huang,sql_query,File_Share,low,success,192.168.243.141,business_hours
2026-02-11 10:54:05,USR00173,christopher.meyer,export_data,SIEM,medium,success,192.168.146.152,unusual_hours
2026-02-11 10:54:05,USR00187,joshua.miller,sql_query,Email_Archive,medium,success,192.168.211.52,night
2026-02-11 10:54:05,USR00272,ryan.davis,api_call,PROD_DB,high,success,192.168.148.238,business_hours
2026-02-12 10:54:05,USR00204,christopher.rodriguez,sql_query,HRIS,high,success,192.168.137.225,business_hours
2026-02-12 10:54:05,USR00110,joshua.bhat,file_access,PROD_DB,high,success,192.168.232.221,business_hours
2026-02-12 10:54:05,USR00044,pooja.mishra,login,BI_Tool,low,success,192.168.235.47,business_hours
2026-02-12 10:54:05,USR00183,kenneth.johnson,export_data,PROD_DB,high,success,192.168.173.223,night
2026-02-12 10:54:05,USR00264,elena.johnson,admin_operation,BI_Tool,low,success,192.168.81.152,unusual_hours
2026-02-13 10:54:05,USR00151,priya.white,export_data,Admin_Console,medium,success,192.168.14.153,business_hours
2026-02-13 10:54:05,USR00186,deepika.jang,login,File_Share,low,success,192.168.36.250,weekend
2026-02-13 10:54:05,USR00061,sophia.hernandez,admin_operation,File_Share,low,success,192.168.251.99,business_hours
2026-02-13 10:54:05,USR00153,edward.rizzo,api_call,Email_Archive,medium,success,192.168.159.196,night
2026-02-13 10:54:05,USR00024,nicholas.jackson,export_data,Email_Archive,medium,success,192.168.81.154,business_hours
2026-02-13 10:54:05,USR00130,jeffrey.garcia,api_call,File_Share,low,success,192.168.47.53,night
2026-02-13 10:54:05,USR00002,kenneth.moore,login,PROD_DB,high,success,192.168.50.52,unusual_hours
2026-02-14 10:54:05,USR00154,varun.petit,sql_query,PROD_DB,high,success,192.168.220.104,unusual_hours
2026-02-14 10:54:05,USR00040,nicholas.romano,file_access,Admin_Console,medium,success,192.168.117.43,weekend
2026-02-14 10:54:05,USR00053,timothy.jo,login,Email_Archive,medium,failure,192.168.194.156,night
2026-02-14 10:54:05,USR00275,meera.martinez,sql_query,Data_Lake,medium,success,192.168.3.10,business_hours
2026-02-14 10:54:05,USR00187,joshua.miller,sql_query,HRIS,high,success,192.168.239.224,weekend
2026-02-14 10:54:05,USR00176,nisha.sharma,login,BI_Tool,low,success,192.168.221.98,business_hours
2026-02-14 10:54:05,USR00141,richard.yang,export_data,PROD_DB,high,success,192.168.9.175,business_hours
2026-02-15 10:54:05,USR00096,edward.thomas,export_data,Email_Archive,medium,success,192.168.51.168,business_hours
2026-02-15 10:54:05,USR00249,james.muller,file_access,HRIS,high,success,192.168.3.111,business_hours
2026-02-15 10:54:05,USR00090,neha.o'brien,sql_query,SIEM,medium,success,192.168.133.94,business_hours
2026-02-15 10:54:05,USR00121,joseph.perez,export_data,Customer_Vault,high,success,192.168.83.232,business_hours
2026-02-15 10:54:05,USR00126,mark.patel,export_data,Email_Archive,medium,success,192.168.224.108,business_hours
2026-02-15 10:54:05,USR00045,stephen.kumar,api_call,Email_Archive,medium,failure,192.168.213.163,business_hours
2026-02-15 10:54:05,USR00219,eric.iyer,api_call,Email_Archive,medium,success,192.168.179.113,unusual_hours
2026-02-16 10:54:05,USR00259,anthony.verma,export_data,GL_System,high,success,192.168.94.198,business_hours
2026-02-16 10:54:05,USR00118,michael.quinn,login,File_Share,low,failure,192.168.32.103,night
2026-02-16 10:54:05,USR00085,varun.rao,api_call,HRIS,high,success,192.168.196.51,business_hours
2026-02-16 10:54:05,USR00195,mark.becker,admin_operation,HRIS,high,success,192.168.8.87,weekend
2026-02-17 10:54:05,USR00125,kenneth.verma,login,File_Share,low,failure,192.168.179.210,business_hours
2026-02-17 10:54:05,USR00258,meera.reddy,file_access,BI_Tool,low,success,192.168.207.16,night
2026-02-17 10:54:05,USR00295,james.sun,admin_operation,Admin_Console,medium,failure,192.168.253.91,night
2026-02-17 10:54:05,USR00150,daniel.wagner,file_access,SIEM,medium,success,192.168.158.17,business_hours
2026-02-18 10:54:05,USR00202,jason.white,sql_query,SIEM,medium,success,192.168.74.140,weekend
2026-02-18 10:54:05,USR00079,varun.weber,export_data,HRIS,high,success,192.168.146.114,business_hours
2026-02-18 10:54:05,USR00063,daniel.colombo,file_access,PROD_DB,high,success,192.168.52.59,business_hours
2026-02-18 10:54:05,USR00257,ryan.verma,export_data,BI_Tool,low,success,192.168.95.82,business_hours
2026-02-18 10:54:05,USR00068,robert.patel,login,Data_Lake,medium,success,192.168.171.146,business_hours
2026-02-18 10:54:05,USR00038,aisha.kim,file_access,Email_Archive,medium,success,192.168.111.161,business_hours
2026-02-19 10:54:05,USR00062,nisha.jones,admin_operation,Email_Archive,medium,success,192.168.9.132,business_hours
2026-02-19 10:54:05,USR00181,george.smith,export_data,Admin_Console,medium,success,192.168.25.243,business_hours
2026-02-19 10:54:05,USR00061,sophia.hernandez,admin_operation,HRIS,high,success,192.168.28.151,weekend
2026-02-19 10:54:05,USR00220,arjun.hwang,file_access,BI_Tool,low,success,192.168.248.247,unusual_hours
2026-02-19 10:54:05,USR00058,anthony.taylor,api_call,Admin_Console,medium,success,192.168.202.174,business_hours
2026-02-19 10:54:05,USR00106,sanjana.quinn,sql_query,Customer_Vault,high,success,192.168.149.205,night
2026-02-20 10:54:05,USR00274,joseph.reilly,sql_query,GL_System,high,success,192.168.176.66,business_hours
2026-02-20 10:54:05,USR00134,richard.li,sql_query,GL_System,high,success,192.168.79.0,night
2026-02-20 10:54:05,USR00220,arjun.hwang,export_data,PROD_DB,high,success,192.168.21.176,business_hours
2026-02-20 10:54:05,USR00078,christopher.menon,login,Customer_Vault,high,success,192.168.202.35,business_hours
2026-02-20 10:54:05,USR00035,nikhil.rao,sql_query,BI_Tool,low,success,192.168.11.23,business_hours
2026-02-20 10:54:05,USR00245,nicholas.hoffmann,file_access,SIEM,medium,success,192.168.180.167,business_hours
2026-02-21 10:54:05,USR00283,thomas.meyer,sql_query,SIEM,medium,success,192.168.14.199,business_hours
2026-02-21 10:54:05,USR00132,xiulan.lim,sql_query,SIEM,medium,success,192.168.137.58,business_hours
2026-02-21 10:54:05,USR00253,christopher.anderson,file_access,SIEM,medium,success,192.168.33.145,night
2026-02-21 10:54:05,USR00013,jonathan.jackson,file_access,SIEM,medium,success,192.168.235.97,business_hours
2026-02-22 10:54:05,USR00001,daniel.singh,api_call,BI_Tool,low,success,192.168.12.68,business_hours
2026-02-22 10:54:05,USR00209,nikhil.martinez,admin_operation,SIEM,medium,success,192.168.248.233,business_hours
2026-02-22 10:54:05,USR00275,meera.martinez,login,Data_Lake,medium,success,192.168.228.68,business_hours
2026-02-22 10:54:05,USR00250,akshay.rao,export_data,File_Share,low,success,192.168.111.227,business_hours
2026-02-22 10:54:05,USR00033,michael.sharma,admin_operation,File_Share,low,success,192.168.98.188,business_hours
2026-02-22 10:54:05,USR00274,joseph.reilly,login,Email_Archive,medium,success,192.168.10.80,unusual_hours
2026-02-22 10:54:05,USR00126,mark.patel,export_data,Admin_Console,medium,success,192.168.77.27,business_hours
2026-02-23 10:54:05,USR00270,robert.ramirez,sql_query,Customer_Vault,high,success,192.168.147.13,business_hours
2026-02-23 10:54:05,USR00079,varun.weber,api_call,Customer_Vault,high,success,192.168.202.239,business_hours
2026-02-23 10:54:05,USR00203,zainab.moore,export_data,HRIS,high,success,192.168.209.246,business_hours
2026-02-23 10:54:05,USR00088,william.jang,admin_operation,Admin_Console,medium,success,192.168.64.245,night
2026-02-23 10:54:05,USR00142,harsh.bernard,admin_operation,HRIS,high,success,192.168.41.91,business_hours
2026-02-23 10:54:05,USR00193,christopher.kang,api_call,HRIS,high,failure,192.168.25.80,business_hours
2026-02-23 10:54:05,USR00137,jason.dubois,file_access,HRIS,high,success,192.168.51.15,business_hours
2026-02-23 10:54:05,USR00091,steven.thompson,sql_query,BI_Tool,low,success,192.168.134.17,unusual_hours
2026-02-23 10:54:05,USR00281,nikhil.verma,sql_query,PROD_DB,high,success,192.168.206.109,weekend
2026-02-24 10:54:05,USR00180,nikhil.rodriguez,api_call,Admin_Console,medium,success,192.168.184.90,weekend
2026-02-24 10:54:05,USR00167,michael.kelly,login,File_Share,low,success,192.168.155.59,unusual_hours
2026-02-24 10:54:05,USR00140,riya.lim,export_data,PROD_DB,high,success,192.168.205.105,business_hours
2026-02-24 10:54:05,USR00102,william.garcia,admin_operation,HRIS,high,success,192.168.112.57,business_hours
2026-02-24 10:54:05,USR00221,rajesh.smith,admin_operation,GL_System,high,success,192.168.21.189,unusual_hours
2026-02-24 10:54:05,USR00146,pooja.clark,file_access,Email_Archive,medium,success,192.168.222.161,unusual_hours
2026-02-24 10:54:05,USR00250,akshay.rao,login,PROD_DB,high,failure,192.168.95.171,business_hours
2026-02-24 10:54:05,USR00176,nisha.sharma,admin_operation,BI_Tool,low,success,192.168.251.26,night
2026-02-25 10:54:05,USR00139,akshay.choi,admin_operation,Customer_Vault,high,failure,192.168.145.69,unusual_hours
2026-02-25 10:54:05,USR00157,shruti.rossi,api_call,Email_Archive,medium,success,192.168.201.102,business_hours
2026-02-25 10:54:05,USR00189,meera.rizzo,sql_query,Admin_Console,medium,success,192.168.16.200,business_hours
2026-02-25 10:54:05,USR00165,paul.o'brien,export_data,PROD_DB,high,success,192.168.188.189,night
2026-02-25 10:54:05,USR00237,ryan.davis,login,Customer_Vault,high,success,192.168.215.65,unusual_hours
2026-02-25 10:54:05,USR00229,deepika.park,login,HRIS,high,success,192.168.243.100,unusual_hours
2026-02-25 10:54:05,USR00094,donald.schulz,export_data,PROD_DB,high,success,192.168.200.121,weekend
2026-02-25 10:54:05,USR00171,xiulan.schulz,login,Admin_Console,medium,success,192.168.167.86,unusual_hours
2026-02-25 10:54:05,USR00298,joseph.miller,sql_query,Customer_Vault,high,success,192.168.102.46,business_hours
2026-02-26 10:54:05,USR00203,zainab.moore,api_call,Admin_Console,medium,success,192.168.197.9,business_hours
2026-02-26 10:54:05,USR00017,diya.schulz,login,Customer_Vault,high,failure,192.168.248.83,unusual_hours
2026-02-26 10:54:05,USR00006,kevin.ramirez,login,SIEM,medium,success,192.168.194.196,business_hours
2026-02-26 10:54:05,USR00241,amitabh.harris,file_access,SIEM,medium,success,192.168.82.39,business_hours
2026-02-26 10:54:05,USR00160,kevin.rao,sql_query,SIEM,medium,success,192.168.208.226,business_hours
2026-02-26 10:54:05,USR00251,jonathan.robinson,admin_operation,HRIS,high,success,192.168.170.150,business_hours
2026-02-27 10:54:05,USR00037,ronald.wilson,file_access,Customer_Vault,high,success,192.168.200.59,business_hours
2026-02-27 10:54:05,USR00094,donald.schulz,export_data,Customer_Vault,high,success,192.168.195.17,business_hours
2026-02-27 10:54:05,USR00290,thomas.sharma,admin_operation,Email_Archive,medium,success,192.168.238.13,business_hours
2026-02-27 10:54:05,USR00043,matthew.bernard,file_access,GL_System,high,success,192.168.158.188,unusual_hours
2026-02-27 10:54:05,USR00226,ronald.esposito,sql_query,File_Share,low,success,192.168.67.165,business_hours
2026-02-27 10:54:05,USR00276,william.perez,sql_query,Customer_Vault,high,success,192.168.174.156,unusual_hours
2026-02-27 10:54:05,USR00186,deepika.jang,api_call,PROD_DB,high,success,192.168.141.5,unusual_hours
2026-02-28 10:54:05,USR00210,charles.lopez,api_call,HRIS,high,success,192.168.184.238,business_hours
2026-02-28 10:54:05,USR00126,mark.patel,sql_query,Data_Lake,medium,success,192.168.132.241,business_hours
2026-02-28 10:54:05,USR00005,george.lim,export_data,BI_Tool,low,success,192.168.185.0,business_hours
2026-02-28 10:54:05,USR00117,richard.kelly,export_data,BI_Tool,low,success,192.168.151.51,business_hours
2026-02-28 10:54:05,USR00284,william.patel,admin_operation,Customer_Vault,high,success,192.168.235.13,business_hours
2026-02-28 10:54:05,USR00150,daniel.wagner,admin_operation,HRIS,high,success,192.168.146.76,night
2026-02-28 10:54:05,USR00105,gary.murphy,export_data,Customer_Vault,high,failure,192.168.113.148,business_hours
2026-03-01 10:54:05,USR00247,joshua.bernard,api_call,Email_Archive,medium,success,192.168.42.233,unusual_hours
2026-03-01 10:54:05,USR00057,zainab.jo,sql_query,File_Share,low,success,192.168.228.19,business_hours
2026-03-01 10:54:05,USR00046,deepika.li,export_data,Customer_Vault,high,success,192.168.224.226,night
2026-03-01 10:54:05,USR00077,neha.taylor,login,SIEM,medium,success,192.168.8.231,weekend
2026-03-01 10:54:05,USR00019,joshua.white,file_access,Data_Lake,medium,success,192.168.218.38,unusual_hours
2026-03-01 10:54:05,USR00272,ryan.davis,sql_query,Customer_Vault,high,success,192.168.244.59,business_hours
2026-03-01 10:54:05,USR00163,sofia.rao,file_access,Admin_Console,medium,success,192.168.242.168,unusual_hours
2026-03-01 10:54:05,USR00122,nisha.li,file_access,File_Share,low,success,192.168.233.244,unusual_hours
2026-03-01 10:54:05,USR00053,timothy.jo,export_data,HRIS,high,success,192.168.243.160,business_hours
2026-03-01 10:54:05,USR00143,maria.gonzalez,login,Admin_Console,medium,success,192.168.62.58,business_hours
2026-03-01 10:54:05,USR00174,pooja.romano,api_call,Customer_Vault,high,success,192.168.130.165,unusual_hours
2026-03-01 10:54:05,USR00190,donald.hoffmann,login,GL_System,high,success,192.168.181.183,business_hours
2026-03-02 10:54:05,USR00205,paul.choi,export_data,BI_Tool,low,success,192.168.235.129,unusual_hours
2026-03-02 10:54:05,USR00298,joseph.miller,login,BI_Tool,low,success,192.168.69.117,night
2026-03-02 10:54:05,USR00261,nikhil.thomas,sql_query,PROD_DB,high,success,192.168.160.251,weekend
2026-03-02 10:54:05,USR00288,arjun.dubois,sql_query,SIEM,medium,success,192.168.15.179,unusual_hours
2026-03-02 10:54:05,USR00124,david.russo,admin_operation,PROD_DB,high,success,192.168.138.24,business_hours
2026-03-03 10:54:05,USR00049,thomas.kang,export_data,PROD_DB,high,success,192.168.147.0,unusual_hours
2026-03-03 10:54:05,USR00284,william.patel,admin_operation,Data_Lake,medium,success,192.168.59.240,business_hours
2026-03-03 10:54:05,USR00152,diya.ghosh,file_access,Email_Archive,medium,success,192.168.235.33,unusual_hours
2026-03-03 10:54:05,USR00111,james.sharma,export_data,Email_Archive,medium,success,192.168.252.119,business_hours
2026-03-03 10:54:05,USR00026,stephen.bhat,api_call,Email_Archive,medium,failure,192.168.225.90,business_hours
2026-03-03 10:54:05,USR00176,nisha.sharma,sql_query,HRIS,high,success,192.168.9.122,night
2026-03-03 10:54:05,USR00204,christopher.rodriguez,sql_query,Email_Archive,medium,success,192.168.168.10,business_hours
2026-03-03 10:54:05,USR00080,david.rodriguez,admin_operation,PROD_DB,high,success,192.168.138.199,business_hours
2026-03-03 10:54:05,USR00188,meera.schmidt,export_data,HRIS,high,success,192.168.160.16,business_hours
2026-03-03 10:54:05,USR00083,ryan.thomas,file_access,GL_System,high,success,192.168.249.246,business_hours
2026-03-04 10:54:05,USR00071,richard.johnson,admin_operation,PROD_DB,high,failure,192.168.181.23,business_hours
2026-03-04 10:54:05,USR00056,william.kumar,sql_query,GL_System,high,success,192.168.117.172,unusual_hours
2026-03-04 10:54:05,USR00261,nikhil.thomas,api_call,File_Share,low,success,192.168.112.202,business_hours
2026-03-04 10:54:05,USR00105,gary.murphy,admin_operation,Email_Archive,medium,success,192.168.185.205,business_hours
2026-03-04 10:54:05,USR00082,arjun.hwang,file_access,BI_Tool,low,success,192.168.208.85,unusual_hours
2026-03-04 10:54:05,USR00204,christopher.rodriguez,export_data,File_Share,low,success,192.168.179.95,unusual_hours
2026-03-05 10:54:05,USR00050,nisha.martinez,sql_query,Data_Lake,medium,success,192.168.112.106,weekend
2026-03-05 10:54:05,USR00028,paul.singh,admin_operation,Customer_Vault,high,success,192.168.178.68,unusual_hours
2026-03-05 10:54:05,USR00083,ryan.thomas,login,PROD_DB,high,success,192.168.23.51,business_hours
2026-03-05 10:54:05,USR00086,ryan.colombo,login,HRIS,high,success,192.168.21.187,weekend
2026-03-05 10:54:05,USR00027,pooja.sullivan,admin_operation,PROD_DB,high,success,192.168.225.100,weekend
2026-03-05 10:54:05,USR00258,meera.reddy,admin_operation,PROD_DB,high,success,192.168.249.31,business_hours
2026-03-06 10:54:05,USR00063,daniel.colombo,sql_query,Data_Lake,medium,success,192.168.237.189,business_hours
2026-03-06 10:54:05,USR00197,kevin.white,export_data,File_Share,low,success,192.168.232.240,business_hours
2026-03-06 10:54:05,USR00211,rajesh.gupta,file_access,File_Share,low,success,192.168.9.230,business_hours
2026-03-06 10:54:05,USR00102,william.garcia,export_data,GL_System,high,success,192.168.239.233,business_hours
2026-03-07 10:54:05,USR00242,deepika.garcia,admin_operation,Data_Lake,medium,success,192.168.34.92,business_hours
2026-03-07 10:54:05,USR00020,karan.white,sql_query,Customer_Vault,high,success,192.168.26.192,business_hours
2026-03-07 10:54:05,USR00035,nikhil.rao,sql_query,Admin_Console,medium,success,192.168.217.111,unusual_hours
2026-03-07 10:54:05,USR00089,isha.chen,api_call,SIEM,medium,success,192.168.18.252,business_hours
2026-03-07 10:54:05,USR00103,priya.garcia,api_call,SIEM,medium,success,192.168.247.136,unusual_hours
2026-03-08 10:54:05,USR00276,william.perez,file_access,SIEM,medium,success,192.168.49.178,business_hours
2026-03-08 10:54:05,USR00057,zainab.jo,api_call,BI_Tool,low,success,192.168.222.210,business_hours
2026-03-08 10:54:05,USR00174,pooja.romano,file_access,SIEM,medium,success,192.168.211.172,business_hours
2026-03-08 10:54:05,USR00190,donald.hoffmann,export_data,HRIS,high,success,192.168.111.27,business_hours
2026-03-08 10:54:05,USR00088,william.jang,admin_operation,BI_Tool,low,success,192.168.58.212,night
2026-03-08 10:54:05,USR00142,harsh.bernard,login,Admin_Console,medium,success,192.168.15.14,business_hours
2026-03-09 10:54:05,USR00266,robert.thomas,file_access,Admin_Console,medium,success,192.168.244.25,night
2026-03-09 10:54:05,USR00143,maria.gonzalez,export_data,File_Share,low,success,192.168.7.158,business_hours
2026-03-09 10:54:05,USR00160,kevin.rao,export_data,SIEM,medium,success,192.168.17.127,business_hours
2026-03-09 10:54:05,USR00062,nisha.jones,login,Admin_Console,medium,success,192.168.150.24,business_hours
2026-03-09 10:54:05,USR00067,donald.wang,admin_operation,SIEM,medium,success,192.168.43.234,weekend
2026-03-09 10:54:05,USR00085,varun.rao,admin_operation,PROD_DB,high,failure,192.168.177.185,unusual_hours
2026-03-09 10:54:05,USR00206,fatima.gupta,file_access,File_Share,low,success,192.168.34.4,business_hours
2026-03-09 10:54:05,USR00007,robert.smith,sql_query,Admin_Console,medium,success,192.168.24.45,business_hours
2026-03-09 10:54:05,USR00004,diya.anderson,sql_query,BI_Tool,low,success,192.168.66.200,unusual_hours
2026-03-10 10:54:05,USR00219,eric.iyer,api_call,HRIS,high,success,192.168.28.197,business_hours
2026-03-10 10:54:05,USR00004,diya.anderson,admin_operation,Customer_Vault,high,success,192.168.49.228,weekend
2026-03-10 10:54:05,USR00069,nikhil.jang,api_call,PROD_DB,high,success,192.168.104.208,night
2026-03-10 10:54:05,USR00083,ryan.thomas,file_access,Data_Lake,medium,success,192.168.216.140,unusual_hours
2026-03-10 10:54:05,USR00220,arjun.hwang,export_data,Email_Archive,medium,success,192.168.244.40,unusual_hours
2026-03-10 10:54:05,USR00252,nadia.singh,export_data,File_Share,low,success,192.168.123.26,business_hours
2026-03-10 10:54:05,USR00041,matthew.huang,file_access,BI_Tool,low,success,192.168.170.3,unusual_hours
2026-03-10 10:54:05,USR00267,jeffrey.ramirez,login,SIEM,medium,success,192.168.40.0,unusual_hours
2026-03-11 10:54:05,USR00158,arjun.sanchez,login,Admin_Console,medium,success,192.168.148.54,business_hours
2026-03-11 10:54:05,USR00145,daniel.davis,api_call,Admin_Console,medium,success,192.168.223.199,business_hours
2026-03-11 10:54:05,USR00051,meera.quinn,api_call,Data_Lake,medium,success,192.168.40.223,unusual_hours
2026-03-11 10:54:05,USR00284,william.patel,admin_operation,PROD_DB,high,success,192.168.144.242,business_hours
2026-03-11 10:54:05,USR00177,timothy.mishra,admin_operation,PROD_DB,high,success,192.168.197.18,unusual_hours
2026-03-12 10:54:05,USR00141,richard.yang,login,HRIS,high,success,192.168.192.67,business_hours
2026-03-12 10:54:05,USR00206,fatima.gupta,login,PROD_DB,high,success,192.168.56.65,business_hours
2026-03-13 10:54:05,USR00222,jason.rizzo,export_data,Data_Lake,medium,success,192.168.153.28,business_hours
2026-03-13 10:54:05,USR00239,kevin.xu,api_call,SIEM,medium,success,192.168.190.57,business_hours
2026-03-13 10:54:05,USR00210,charles.lopez,sql_query,Email_Archive,medium,success,192.168.43.158,business_hours
2026-03-13 10:54:05,USR00077,neha.taylor,sql_query,GL_System,high,success,192.168.38.36,business_hours
2026-03-13 10:54:05,USR00091,steven.thompson,export_data,Admin_Console,medium,success,192.168.245.218,night
2026-03-13 10:54:05,USR00018,meera.burke,file_access,Email_Archive,medium,success,192.168.111.217,night
2026-03-13 10:54:05,USR00133,fatima.patel,sql_query,File_Share,low,success,192.168.220.44,business_hours
2026-03-14 10:54:05,USR00288,arjun.dubois,login,HRIS,high,success,192.168.237.204,business_hours
2026-03-14 10:54:05,USR00166,amara.smith,sql_query,Customer_Vault,high,success,192.168.176.41,unusual_hours
2026-03-14 10:54:05,USR00038,aisha.kim,sql_query,GL_System,high,success,192.168.110.214,business_hours
2026-03-14 10:54:05,USR00272,ryan.davis,file_access,Admin_Console,medium,success,192.168.84.80,business_hours
2026-03-14 10:54:05,USR00224,larry.sanchez,api_call,Admin_Console,medium,success,192.168.18.203,unusual_hours
2026-03-15 10:54:05,USR00010,jacob.patel,file_access,GL_System,high,success,192.168.101.129,business_hours
2026-03-15 10:54:05,USR00105,gary.murphy,admin_operation,Data_Lake,medium,success,192.168.225.159,night
2026-03-15 10:54:05,USR00196,anjali.jackson,sql_query,BI_Tool,low,success,192.168.20.34,business_hours
2026-03-15 10:54:05,USR00170,sophia.smith,admin_operation,Customer_Vault,high,success,192.168.81.114,business_hours
2026-03-15 10:54:05,USR00211,rajesh.gupta,sql_query,Data_Lake,medium,failure,192.168.212.201,unusual_hours
2026-03-15 10:54:05,USR00204,christopher.rodriguez,login,Customer_Vault,high,success,192.168.207.239,business_hours
2026-03-15 10:54:05,USR00135,pooja.murphy,export_data,Customer_Vault,high,success,192.168.120.252,business_hours
2026-03-15 10:54:05,USR00084,aditya.gupta,admin_operation,Customer_Vault,high,success,192.168.23.60,business_hours
2026-03-15 10:54:05,USR00200,joseph.guo,sql_query,Data_Lake,medium,success,192.168.155.88,business_hours
2026-03-15 10:54:05,USR00221,rajesh.smith,file_access,File_Share,low,success,192.168.47.227,business_hours
2026-03-15 10:54:05,USR00086,ryan.colombo,admin_operation,Data_Lake,medium,success,192.168.154.19,night
2026-03-16 10:54:05,USR00106,sanjana.quinn,sql_query,Email_Archive,medium,success,192.168.81.157,business_hours
2026-03-16 10:54:05,USR00145,daniel.davis,file_access,File_Share,low,success,192.168.149.47,business_hours
2026-03-16 10:54:05,USR00033,michael.sharma,admin_operation,File_Share,low,success,192.168.11.244,business_hours
2026-03-16 10:54:05,USR00047,george.clark,admin_operation,HRIS,high,success,192.168.241.61,business_hours
2026-03-16 10:54:05,USR00167,michael.kelly,file_access,Data_Lake,medium,success,192.168.145.152,business_hours
2026-03-16 10:54:05,USR00296,joseph.taylor,admin_operation,Data_Lake,medium,success,192.168.71.22,unusual_hours
2026-03-16 10:54:05,USR00293,gary.kang,export_data,BI_Tool,low,success,192.168.44.226,night
2026-03-16 10:54:05,USR00137,jason.dubois,admin_operation,SIEM,medium,success,192.168.40.117,business_hours
2026-03-16 10:54:05,USR00159,fatima.lee,file_access,Data_Lake,medium,success,192.168.121.104,night
2026-03-17 10:54:05,USR00260,sofia.lewis,sql_query,Email_Archive,medium,success,192.168.230.198,unusual_hours
2026-03-17 10:54:05,USR00163,sofia.rao,admin_operation,HRIS,high,success,192.168.9.244,business_hours
2026-03-17 10:54:05,USR00093,nadia.muller,admin_operation,GL_System,high,success,192.168.67.87,weekend
2026-03-17 10:54:05,USR00184,vikram.williams,login,SIEM,medium,success,192.168.217.25,unusual_hours
2026-03-17 10:54:05,USR00157,shruti.rossi,export_data,HRIS,high,success,192.168.63.36,business_hours
2026-03-17 10:54:05,USR00256,timothy.fischer,file_access,Email_Archive,medium,success,192.168.152.53,unusual_hours
2026-03-17 10:54:05,USR00180,nikhil.rodriguez,export_data,GL_System,high,success,192.168.156.249,unusual_hours
2026-03-17 10:54:05,USR00032,pooja.martin,sql_query,Admin_Console,medium,success,192.168.61.199,business_hours
2026-03-17 10:54:05,USR00141,richard.yang,sql_query,SIEM,medium,success,192.168.165.33,business_hours
2026-03-17 10:54:05,USR00175,aditya.chen,sql_query,HRIS,high,success,192.168.92.84,business_hours
2026-03-18 10:54:05,USR00190,donald.hoffmann,admin_operation,Data_Lake,medium,success,192.168.142.85,business_hours
2026-03-18 10:54:05,USR00125,kenneth.verma,file_access,Email_Archive,medium,success,192.168.198.84,business_hours
2026-03-19 10:54:05,USR00036,nicholas.harris,export_data,PROD_DB,high,success,192.168.16.5,business_hours
2026-03-19 10:54:05,USR00129,sanjana.burke,login,File_Share,low,success,192.168.158.246,unusual_hours
2026-03-19 10:54:05,USR00182,ronald.bhat,file_access,BI_Tool,low,failure,192.168.54.101,business_hours
2026-03-19 10:54:05,USR00175,aditya.chen,admin_operation,PROD_DB,high,success,192.168.209.201,business_hours
2026-03-19 10:54:05,USR00060,vikram.gonzalez,export_data,Data_Lake,medium,success,192.168.100.115,business_hours
2026-03-20 10:54:05,USR00195,mark.becker,login,Email_Archive,medium,success,192.168.40.140,business_hours
2026-03-20 10:54:05,USR00100,aisha.hernandez,export_data,Email_Archive,medium,success,192.168.54.168,unusual_hours
2026-03-20 10:54:05,USR00210,charles.lopez,file_access,BI_Tool,low,success,192.168.243.109,business_hours
2026-03-21 10:54:05,USR00041,matthew.huang,login,BI_Tool,low,success,192.168.181.199,business_hours
2026-03-21 10:54:05,USR00190,donald.hoffmann,login,PROD_DB,high,success,192.168.115.141,business_hours
2026-03-21 10:54:05,USR00008,thomas.iyer,sql_query,PROD_DB,high,success,192.168.204.238,business_hours
2026-03-21 10:54:05,USR00099,maria.bianchi,sql_query,GL_System,high,success,192.168.50.202,business_hours
2026-03-21 10:54:05,USR00163,sofia.rao,login,Email_Archive,medium,success,192.168.61.118,business_hours
2026-03-21 10:54:05,USR00299,leila.lee,sql_query,Data_Lake,medium,success,192.168.232.70,business_hours
2026-03-22 10:54:05,USR00141,richard.yang,sql_query,Admin_Console,medium,success,192.168.55.231,business_hours
2026-03-22 10:54:05,USR00174,pooja.romano,file_access,Admin_Console,medium,success,192.168.48.111,night
2026-03-22 10:54:05,USR00081,isha.ghosh,admin_operation,BI_Tool,low,success,192.168.66.52,business_hours
2026-03-22 10:54:05,USR00093,nadia.muller,admin_operation,File_Share,low,success,192.168.97.182,unusual_hours
2026-03-22 10:54:05,USR00055,neha.johnson,sql_query,Data_Lake,medium,success,192.168.14.19,business_hours
2026-03-22 10:54:05,USR00272,ryan.davis,file_access,GL_System,high,success,192.168.23.176,business_hours
2026-03-22 10:54:05,USR00213,riya.colombo,login,Email_Archive,medium,success,192.168.2.186,business_hours
2026-03-22 10:54:05,USR00147,anthony.davis,login,BI_Tool,low,success,192.168.246.250,night
2026-03-23 10:54:05,USR00191,robert.nair,sql_query,Email_Archive,medium,success,192.168.110.206,weekend
2026-03-23 10:54:05,USR00173,christopher.meyer,api_call,GL_System,high,success,192.168.108.135,business_hours
2026-03-23 10:54:05,USR00290,thomas.sharma,file_access,Data_Lake,medium,success,192.168.107.19,night
2026-03-23 10:54:05,USR00076,stephen.guo,sql_query,BI_Tool,low,success,192.168.18.224,business_hours
2026-03-23 10:54:05,USR00188,meera.schmidt,sql_query,Admin_Console,medium,success,192.168.20.235,business_hours
2026-03-23 10:54:05,USR00129,sanjana.burke,api_call,File_Share,low,success,192.168.154.122,business_hours
2026-03-23 10:54:05,USR00156,amitabh.white,sql_query,Email_Archive,medium,success,192.168.98.178,business_hours
2026-03-24 10:54:05,USR00089,isha.chen,login,HRIS,high,success,192.168.135.158,night
2026-03-24 10:54:05,USR00138,pooja.lewis,file_access,Customer_Vault,high,success,192.168.199.116,weekend
2026-03-24 10:54:05,USR00087,aditya.taylor,api_call,BI_Tool,low,success,192.168.11.24,business_hours
2026-03-24 10:54:05,USR00183,kenneth.johnson,api_call,Customer_Vault,high,success,192.168.49.101,business_hours
2026-03-24 10:54:05,USR00004,diya.anderson,login,HRIS,high,success,192.168.229.45,business_hours
2026-03-24 10:54:05,USR00257,ryan.verma,file_access,Admin_Console,medium,success,192.168.170.92,business_hours
2026-03-25 10:54:05,USR00241,amitabh.harris,sql_query,GL_System,high,success,192.168.40.15,business_hours
2026-03-25 10:54:05,USR00196,anjali.jackson,export_data,HRIS,high,success,192.168.102.112,night
2026-03-26 10:54:05,USR00030,yuki.meyer,sql_query,HRIS,high,success,192.168.115.95,business_hours
2026-03-26 10:54:05,USR00007,robert.smith,login,Email_Archive,medium,success,192.168.166.248,weekend
2026-03-26 10:54:05,USR00064,zainab.pillai,export_data,Email_Archive,medium,success,192.168.253.181,unusual_hours
2026-03-26 10:54:05,USR00083,ryan.thomas,export_data,Admin_Console,medium,success,192.168.235.153,business_hours
2026-03-26 10:54:05,USR00092,charles.sullivan,export_data,Email_Archive,medium,success,192.168.237.15,business_hours
2026-03-26 10:54:05,USR00172,anjali.jo,file_access,HRIS,high,success,192.168.176.49,business_hours
2026-03-27 10:54:05,USR00146,pooja.clark,admin_operation,Email_Archive,medium,success,192.168.245.222,business_hours
2026-03-27 10:54:05,USR00231,rajesh.pillai,export_data,HRIS,high,success,192.168.191.242,business_hours
2026-03-27 10:54:05,USR00223,nadia.quinn,export_data,PROD_DB,high,success,192.168.43.110,night
2026-03-28 10:54:05,USR00265,jacob.lee,file_access,SIEM,medium,success,192.168.241.100,business_hours
2026-03-28 10:54:05,USR00155,varun.colombo,api_call,Customer_Vault,high,success,192.168.24.238,night
2026-03-28 10:54:05,USR00133,fatima.patel,export_data,BI_Tool,low,success,192.168.40.67,business_hours
2026-03-28 10:54:05,USR00036,nicholas.harris,file_access,PROD_DB,high,success,192.168.135.52,business_hours
2026-03-28 10:54:05,USR00284,william.patel,sql_query,PROD_DB,high,failure,192.168.124.72,weekend
2026-03-28 10:54:05,USR00044,pooja.mishra,export_data,SIEM,medium,success,192.168.37.168,night
2026-03-28 10:54:05,USR00279,nadia.reilly,sql_query,Data_Lake,medium,success,192.168.94.34,business_hours
2026-03-28 10:54:05,USR00125,kenneth.verma,api_call,GL_System,high,success,192.168.93.127,business_hours
2026-03-29 10:54:05,USR00254,james.kumar,export_data,BI_Tool,low,success,192.168.223.137,unusual_hours
2026-03-29 10:54:05,USR00007,robert.smith,api_call,SIEM,medium,success,192.168.121.240,unusual_hours
2026-03-29 10:54:05,USR00066,ronald.martin,sql_query,SIEM,medium,success,192.168.122.128,unusual_hours
2026-03-29 10:54:05,USR00239,kevin.xu,admin_operation,HRIS,high,success,192.168.21.119,unusual_hours
2026-03-29 10:54:05,USR00215,nikhil.choi,export_data,SIEM,medium,success,192.168.20.40,business_hours
2026-03-29 10:54:05,USR00221,rajesh.smith,file_access,HRIS,high,success,192.168.20.192,unusual_hours
2026-03-29 10:54:05,USR00206,fatima.gupta,file_access,PROD_DB,high,success,192.168.192.194,business_hours
2026-03-29 10:54:05,USR00236,harsh.connor,admin_operation,Data_Lake,medium,success,192.168.219.104,business_hours
2026-03-29 10:54:05,USR00165,paul.o'brien,file_access,File_Share,low,success,192.168.157.193,business_hours
2026-03-29 10:54:05,USR00242,deepika.garcia,file_access,HRIS,high,success,192.168.76.133,business_hours
2026-03-29 10:54:05,USR00204,christopher.rodriguez,sql_query,PROD_DB,high,success,192.168.115.252,business_hours
2026-03-30 10:54:05,USR00231,rajesh.pillai,api_call,SIEM,medium,success,192.168.160.81,business_hours
2026-03-30 10:54:05,USR00283,thomas.meyer,login,Admin_Console,medium,success,192.168.187.119,business_hours
2026-03-30 10:54:05,USR00036,nicholas.harris,export_data,Data_Lake,medium,success,192.168.119.28,unusual_hours
2026-03-30 10:54:05,USR00131,david.yang,login,SIEM,medium,success,192.168.251.194,business_hours
2026-03-30 10:54:05,USR00228,anthony.clark,admin_operation,PROD_DB,high,success,192.168.28.149,business_hours
2026-03-30 10:54:05,USR00100,aisha.hernandez,api_call,Data_Lake,medium,success,192.168.130.127,unusual_hours
2026-03-30 10:54:05,USR00238,robert.martinez,api_call,GL_System,high,success,192.168.152.175,business_hours
2026-03-30 10:54:05,USR00172,anjali.jo,api_call,BI_Tool,low,success,192.168.207.243,business_hours
2026-03-30 10:54:05,USR00252,nadia.singh,admin_operation,SIEM,medium,success,192.168.52.94,business_hours
2026-03-30 10:54:05,USR00141,richard.yang,export_data,GL_System,high,success,192.168.99.99,business_hours
2026-03-30 10:54:05,USR00290,thomas.sharma,api_call,GL_System,high,success,192.168.44.202,night
2026-03-30 10:54:05,USR00254,james.kumar,admin_operation,PROD_DB,high,success,192.168.113.198,business_hours
2026-03-30 10:54:05,USR00104,jeffrey.ghosh,login,Data_Lake,medium,success,192.168.222.157,unusual_hours
2026-03-30 10:54:05,USR00211,rajesh.gupta,export_data,File_Share,low,success,192.168.177.66,business_hours
2026-03-30 10:54:05,USR00231,rajesh.pillai,file_access,File_Share,low,failure,192.168.211.192,business_hours
2026-03-31 10:54:05,USR00020,karan.white,login,HRIS,high,success,192.168.179.177,business_hours
2026-03-31 10:54:05,USR00071,richard.johnson,api_call,Admin_Console,medium,success,192.168.228.193,unusual_hours
2026-03-31 10:54:05,USR00143,maria.gonzalez,login,GL_System,high,success,192.168.16.203,business_hours
2026-03-31 10:54:05,USR00171,xiulan.schulz,login,Data_Lake,medium,failure,192.168.201.127,business_hours
2026-03-31 10:54:05,USR00242,deepika.garcia,file_access,File_Share,low,success,192.168.218.236,business_hours
2026-03-31 10:54:05,USR00242,deepika.garcia,sql_query,Customer_Vault,high,success,192.168.74.52,night
2026-03-31 10:54:05,USR00209,nikhil.martinez,sql_query,HRIS,high,failure,192.168.161.237,night
2026-04-01 10:54:05,USR00075,timothy.huang,admin_operation,File_Share,low,success,192.168.85.136,business_hours
2026-04-01 10:54:05,USR00208,sanjana.moore,admin_operation,BI_Tool,low,success,192.168.14.159,business_hours
2026-04-01 10:54:05,USR00077,neha.taylor,export_data,Data_Lake,medium,success,192.168.143.37,unusual_hours
2026-04-01 10:54:05,USR00069,nikhil.jang,sql_query,SIEM,medium,success,192.168.35.253,business_hours
2026-04-01 10:54:05,USR00100,aisha.hernandez,export_data,BI_Tool,low,success,192.168.127.38,night
2026-04-01 10:54:05,USR00087,aditya.taylor,api_call,File_Share,low,success,192.168.60.125,business_hours
2026-04-01 10:54:05,USR00260,sofia.lewis,sql_query,Email_Archive,medium,success,192.168.12.128,unusual_hours
2026-04-01 10:54:05,USR00066,ronald.martin,login,PROD_DB,high,success,192.168.68.204,weekend
2026-04-01 10:54:05,USR00077,neha.taylor,sql_query,Email_Archive,medium,success,192.168.99.201,weekend
2026-04-01 10:54:05,USR00295,james.sun,admin_operation,Customer_Vault,high,success,192.168.131.120,unusual_hours
2026-04-01 10:54:05,USR00243,mark.sanchez,export_data,Data_Lake,medium,success,192.168.17.198,business_hours
2026-04-01 10:54:05,USR00295,james.sun,sql_query,Email_Archive,medium,success,192.168.58.173,business_hours
2026-04-02 10:54:05,USR00152,diya.ghosh,export_data,Email_Archive,medium,success,192.168.122.35,business_hours
2026-04-02 10:54:05,USR00014,david.thomas,admin_operation,GL_System,high,success,192.168.131.49,unusual_hours
2026-04-02 10:54:05,USR00091,steven.thompson,export_data,Customer_Vault,high,success,192.168.114.222,weekend
2026-04-02 10:54:05,USR00270,robert.ramirez,api_call,Customer_Vault,high,success,192.168.87.161,business_hours
2026-04-02 10:54:05,USR00276,william.perez,login,SIEM,medium,success,192.168.94.160,business_hours
2026-04-02 10:54:05,USR00150,daniel.wagner,api_call,Admin_Console,medium,success,192.168.66.225,night
2026-04-02 10:54:05,USR00044,pooja.mishra,login,BI_Tool,low,success,192.168.160.24,business_hours
2026-04-02 10:54:05,USR00099,maria.bianchi,login,SIEM,medium,success,192.168.209.153,night
2026-04-02 10:54:05,USR00264,elena.johnson,api_call,BI_Tool,low,success,192.168.41.103,business_hours
2026-04-03 10:54:05,USR00053,timothy.jo,admin_operation,GL_System,high,success,192.168.80.86,business_hours
2026-04-03 10:54:05,USR00162,thomas.russo,admin_operation,GL_System,high,success,192.168.88.32,business_hours
2026-04-03 10:54:05,USR00219,eric.iyer,admin_operation,PROD_DB,high,success,192.168.126.128,night
2026-04-03 10:54:05,USR00175,aditya.chen,sql_query,File_Share,low,success,192.168.226.159,unusual_hours
2026-04-04 10:54:05,USR00251,jonathan.robinson,admin_operation,Customer_Vault,high,success,192.168.65.98,business_hours
2026-04-04 10:54:05,USR00035,nikhil.rao,login,Data_Lake,medium,success,192.168.38.111,business_hours
2026-04-04 10:54:05,USR00002,kenneth.moore,sql_query,SIEM,medium,success,192.168.61.45,business_hours
2026-04-04 10:54:05,USR00170,sophia.smith,file_access,Customer_Vault,high,success,192.168.153.187,weekend
2026-04-04 10:54:05,USR00287,nisha.ferrari,sql_query,Admin_Console,medium,success,192.168.172.129,business_hours
2026-04-04 10:54:05,USR00041,matthew.huang,sql_query,File_Share,low,failure,192.168.60.70,business_hours
2026-04-04 10:54:05,USR00063,daniel.colombo,api_call,Data_Lake,medium,failure,192.168.17.28,unusual_hours
2026-04-04 10:54:05,USR00282,raja.romano,api_call,PROD_DB,high,success,192.168.134.137,night
2026-04-04 10:54:05,USR00077,neha.taylor,api_call,SIEM,medium,success,192.168.242.139,business_hours
2026-04-04 10:54:05,USR00027,pooja.sullivan,file_access,BI_Tool,low,success,192.168.45.221,business_hours
2026-04-04 10:54:05,USR00255,jason.lim,login,Email_Archive,medium,success,192.168.150.68,business_hours
2026-04-05 10:54:05,USR00193,christopher.kang,api_call,GL_System,high,success,192.168.253.126,business_hours
2026-04-05 10:54:05,USR00185,anthony.thompson,login,Data_Lake,medium,success,192.168.148.235,night
2026-04-05 10:54:05,USR00013,jonathan.jackson,file_access,Admin_Console,medium,success,192.168.137.8,business_hours
2026-04-05 10:54:05,USR00197,kevin.white,file_access,Email_Archive,medium,success,192.168.219.84,unusual_hours
2026-04-05 10:54:05,USR00009,aditya.burke,export_data,Email_Archive,medium,success,192.168.22.43,business_hours
2026-04-05 10:54:05,USR00042,kenneth.sanchez,admin_operation,BI_Tool,low,success,192.168.144.50,unusual_hours
2026-04-05 10:54:05,USR00289,rajesh.jang,export_data,GL_System,high,success,192.168.183.183,business_hours
2026-04-05 10:54:05,USR00231,rajesh.pillai,file_access,Data_Lake,medium,success,192.168.200.64,business_hours
2026-04-06 10:54:05,USR00042,kenneth.sanchez,login,File_Share,low,success,192.168.30.137,business_hours
2026-04-06 10:54:05,USR00021,rohan.harris,login,Customer_Vault,high,success,192.168.169.108,business_hours
2026-04-06 10:54:05,USR00036,nicholas.harris,admin_operation,PROD_DB,high,success,192.168.147.147,business_hours
2026-04-06 10:54:05,USR00297,sofia.schmidt,export_data,Email_Archive,medium,success,192.168.51.170,business_hours
2026-04-06 10:54:05,USR00297,sofia.schmidt,admin_operation,HRIS,high,failure,192.168.143.97,business_hours
2026-04-06 10:54:05,USR00086,ryan.colombo,api_call,Data_Lake,medium,success,192.168.228.85,business_hours
2026-04-06 10:54:05,USR00063,daniel.colombo,export_data,SIEM,medium,success,192.168.34.79,unusual_hours
2026-04-06 10:54:05,USR00112,ryan.rao,file_access,File_Share,low,success,192.168.223.74,business_hours
2026-04-07 10:54:05,USR00228,anthony.clark,login,Customer_Vault,high,success,192.168.98.57,business_hours
2026-04-07 10:54:05,USR00226,ronald.esposito,sql_query,SIEM,medium,success,192.168.169.220,night
2026-04-07 10:54:05,USR00239,kevin.xu,login,BI_Tool,low,success,192.168.56.121,business_hours
2026-04-07 10:54:05,USR00279,nadia.reilly,login,SIEM,medium,success,192.168.145.25,unusual_hours
2026-04-07 10:54:05,USR00125,kenneth.verma,file_access,Customer_Vault,high,success,192.168.41.85,weekend
2026-04-07 10:54:05,USR00298,joseph.miller,sql_query,Admin_Console,medium,success,192.168.215.216,night
2026-04-07 10:54:05,USR00101,paul.hoffmann,export_data,GL_System,high,success,192.168.42.254,business_hours
2026-04-07 10:54:05,USR00210,charles.lopez,api_call,GL_System,high,success,192.168.105.242,business_hours
2026-04-07 10:54:05,USR00244,stephen.iyer,login,File_Share,low,success,192.168.160.189,business_hours
2026-04-07 10:54:05,USR00277,nicholas.schulz,file_access,Customer_Vault,high,success,192.168.96.225,business_hours
2026-04-08 10:54:05,USR00105,gary.murphy,login,Data_Lake,medium,success,192.168.74.64,business_hours
2026-04-08 10:54:05,USR00273,rohan.bianchi,sql_query,Email_Archive,medium,success,192.168.21.210,business_hours
2026-04-08 10:54:05,USR00293,gary.kang,file_access,BI_Tool,low,success,192.168.242.143,business_hours
2026-04-08 10:54:05,USR00295,james.sun,export_data,HRIS,high,success,192.168.130.239,business_hours
2026-04-08 10:54:05,USR00246,isha.ramirez,admin_operation,BI_Tool,low,success,192.168.176.61,unusual_hours
2026-04-08 10:54:05,USR00181,george.smith,file_access,Data_Lake,medium,success,192.168.190.141,business_hours
2026-04-08 10:54:05,USR00068,robert.patel,login,HRIS,high,success,192.168.85.14,weekend
2026-04-09 10:54:05,USR00211,rajesh.gupta,file_access,Email_Archive,medium,success,192.168.161.207,business_hours
2026-04-09 10:54:05,USR00033,michael.sharma,sql_query,Email_Archive,medium,success,192.168.96.179,unusual_hours
2026-04-09 10:54:05,USR00216,gary.lee,file_access,File_Share,low,success,192.168.49.116,business_hours
2026-04-09 10:54:05,USR00201,daniel.jackson,export_data,SIEM,medium,success,192.168.99.150,business_hours
2026-04-09 10:54:05,USR00126,mark.patel,admin_operation,GL_System,high,success,192.168.48.242,business_hours
2026-04-09 10:54:05,USR00225,raja.rizzo,login,BI_Tool,low,success,192.168.247.187,business_hours
2026-04-09 10:54:05,USR00040,nicholas.romano,api_call,Admin_Console,medium,success,192.168.26.223,night
2026-04-09 10:54:05,USR00069,nikhil.jang,sql_query,Email_Archive,medium,success,192.168.28.215,business_hours
2026-04-10 10:54:05,USR00007,robert.smith,api_call,GL_System,high,success,192.168.24.130,night
2026-04-10 10:54:05,USR00142,harsh.bernard,login,File_Share,low,success,192.168.135.28,night
2026-04-10 10:54:05,USR00125,kenneth.verma,export_data,PROD_DB,high,success,192.168.0.37,night
2026-04-10 10:54:05,USR00039,stephen.bhat,login,PROD_DB,high,success,192.168.236.50,business_hours
2026-04-10 10:54:05,USR00209,nikhil.martinez,admin_operation,BI_Tool,low,success,192.168.248.47,weekend
2026-04-10 10:54:05,USR00274,joseph.reilly,login,HRIS,high,success,192.168.19.162,business_hours
2026-04-10 10:54:05,USR00212,david.liu,export_data,GL_System,high,success,192.168.112.222,unusual_hours
2026-04-11 10:54:05,USR00027,pooja.sullivan,api_call,File_Share,low,success,192.168.64.214,business_hours
2026-04-11 10:54:05,USR00287,nisha.ferrari,login,GL_System,high,success,192.168.121.221,business_hours
2026-04-11 10:54:05,USR00008,thomas.iyer,admin_operation,Email_Archive,medium,success,192.168.28.94,business_hours
2026-04-11 10:54:05,USR00148,mark.hwang,file_access,PROD_DB,high,success,192.168.39.104,business_hours
2026-04-11 10:54:05,USR00267,jeffrey.ramirez,admin_operation,BI_Tool,low,success,192.168.53.128,business_hours
2026-04-11 10:54:05,USR00040,nicholas.romano,login,BI_Tool,low,success,192.168.74.120,business_hours
2026-04-11 10:54:05,USR00088,william.jang,file_access,Customer_Vault,high,success,192.168.98.24,business_hours
2026-04-11 10:54:05,USR00160,kevin.rao,admin_operation,Customer_Vault,high,success,192.168.163.248,unusual_hours
2026-04-11 10:54:05,USR00093,nadia.muller,file_access,HRIS,high,success,192.168.63.167,night
2026-04-12 10:54:05,USR00008,thomas.iyer,api_call,HRIS,high,success,192.168.94.190,business_hours
2026-04-12 10:54:05,USR00169,nadia.taylor,admin_operation,GL_System,high,failure,192.168.173.65,business_hours
2026-04-12 10:54:05,USR00086,ryan.colombo,login,Data_Lake,medium,success,192.168.153.118,business_hours
2026-04-12 10:54:05,USR00151,priya.white,admin_operation,Admin_Console,medium,success,192.168.60.193,business_hours
2026-04-12 10:54:05,USR00184,vikram.williams,login,Data_Lake,medium,success,192.168.9.123,business_hours
2026-04-12 10:54:05,USR00181,george.smith,file_access,SIEM,medium,success,192.168.168.15,business_hours
2026-04-12 10:54:05,USR00063,daniel.colombo,admin_operation,Admin_Console,medium,success,192.168.201.143,business_hours
2026-04-13 10:54:05,USR00216,gary.lee,sql_query,SIEM,medium,success,192.168.109.160,business_hours
2026-04-13 10:54:05,USR00090,neha.o'brien,admin_operation,Email_Archive,medium,success,192.168.198.90,business_hours
2026-04-13 10:54:05,USR00202,jason.white,api_call,Customer_Vault,high,success,192.168.15.195,night
2026-04-13 10:54:05,USR00202,jason.white,sql_query,HRIS,high,success,192.168.111.23,business_hours
2026-04-13 10:54:05,USR00048,xiulan.colombo,export_data,BI_Tool,low,success,192.168.188.202,business_hours
2026-04-13 10:54:05,USR00035,nikhil.rao,export_data,Data_Lake,medium,success,192.168.7.151,business_hours
2026-04-13 10:54:05,USR00254,james.kumar,admin_operation,SIEM,medium,success,192.168.96.67,business_hours
2026-04-14 10:54:05,USR00273,rohan.bianchi,sql_query,PROD_DB,high,success,192.168.176.230,business_hours
2026-04-14 10:54:05,USR00231,rajesh.pillai,admin_operation,SIEM,medium,success,192.168.34.13,business_hours
2026-04-14 10:54:05,USR00089,isha.chen,login,Data_Lake,medium,success,192.168.231.49,business_hours
2026-04-14 10:54:05,USR00028,paul.singh,login,Admin_Console,medium,success,192.168.59.194,business_hours
2026-04-14 10:54:05,USR00259,anthony.verma,file_access,Admin_Console,medium,success,192.168.16.158,business_hours
2026-04-14 10:54:05,USR00244,stephen.iyer,api_call,PROD_DB,high,success,192.168.251.150,business_hours
2026-04-14 10:54:05,USR00155,varun.colombo,admin_operation,File_Share,low,success,192.168.202.9,unusual_hours
2026-04-14 10:54:05,USR00002,kenneth.moore,api_call,HRIS,high,failure,192.168.236.53,unusual_hours
2026-04-14 10:54:05,USR00102,william.garcia,file_access,Admin_Console,medium,success,192.168.230.193,night
2026-04-14 10:54:05,USR00179,xiulan.sharma,admin_operation,Admin_Console,medium,success,192.168.66.145,business_hours
2026-04-14 10:54:05,USR00018,meera.burke,export_data,PROD_DB,high,success,192.168.252.159,business_hours
2026-04-14 10:54:05,USR00292,edward.esposito,admin_operation,Data_Lake,medium,success,192.168.133.169,unusual_hours
2026-04-15 10:54:05,USR00169,nadia.taylor,api_call,BI_Tool,low,success,192.168.172.134,unusual_hours
2026-04-15 10:54:05,USR00225,raja.rizzo,admin_operation,Data_Lake,medium,success,192.168.96.176,business_hours
2026-04-15 10:54:05,USR00087,aditya.taylor,sql_query,Admin_Console,medium,success,192.168.6.204,business_hours
2026-04-15 10:54:05,USR00218,zainab.garcia,file_access,File_Share,low,success,192.168.179.115,night
2026-04-15 10:54:05,USR00279,nadia.reilly,login,Admin_Console,medium,success,192.168.54.38,night
2026-04-15 10:54:05,USR00237,ryan.davis,file_access,SIEM,medium,success,192.168.123.9,business_hours
2026-04-15 10:54:05,USR00101,paul.hoffmann,file_access,Customer_Vault,high,success,192.168.229.136,unusual_hours
2026-04-15 10:54:05,USR00246,isha.ramirez,export_data,Admin_Console,medium,success,192.168.205.102,business_hours
2026-04-16 10:54:05,USR00215,nikhil.choi,file_access,HRIS,high,success,192.168.180.245,weekend
2026-04-16 10:54:05,USR00120,david.sullivan,file_access,HRIS,high,success,192.168.148.110,business_hours
2026-04-16 10:54:05,USR00163,sofia.rao,admin_operation,File_Share,low,success,192.168.197.119,business_hours
2026-04-16 10:54:05,USR00053,timothy.jo,api_call,File_Share,low,success,192.168.144.154,business_hours
2026-04-16 10:54:05,USR00258,meera.reddy,admin_operation,Customer_Vault,high,success,192.168.80.181,business_hours
2026-04-16 10:54:05,USR00250,akshay.rao,admin_operation,GL_System,high,success,192.168.132.127,business_hours
2026-04-17 10:54:05,USR00269,priya.lim,admin_operation,File_Share,low,success,192.168.244.145,business_hours
2026-04-17 10:54:05,USR00130,jeffrey.garcia,file_access,Data_Lake,medium,success,192.168.10.6,night
2026-04-17 10:54:05,USR00158,arjun.sanchez,admin_operation,PROD_DB,high,success,192.168.205.38,business_hours
2026-04-17 10:54:05,USR00203,zainab.moore,admin_operation,Customer_Vault,high,success,192.168.124.75,night
2026-04-17 10:54:05,USR00233,ronald.reddy,export_data,File_Share,low,success,192.168.16.162,business_hours
2026-04-17 10:54:05,USR00110,joshua.bhat,admin_operation,BI_Tool,low,success,192.168.168.16,business_hours
2026-04-17 10:54:05,USR00038,aisha.kim,admin_operation,HRIS,high,success,192.168.140.103,night
2026-04-17 10:54:05,USR00104,jeffrey.ghosh,file_access,PROD_DB,high,success,192.168.84.172,business_hours
2026-04-18 10:54:05,USR00213,riya.colombo,export_data,PROD_DB,high,success,192.168.25.74,business_hours
2026-04-18 10:54:05,USR00289,rajesh.jang,admin_operation,Admin_Console,medium,success,192.168.60.230,business_hours
2026-04-18 10:54:05,USR00242,deepika.garcia,file_access,File_Share,low,success,192.168.207.45,weekend
2026-04-19 10:54:05,USR00158,arjun.sanchez,login,Email_Archive,medium,success,192.168.62.110,business_hours
2026-04-19 10:54:05,USR00193,christopher.kang,api_call,HRIS,high,success,192.168.19.190,night
2026-04-19 10:54:05,USR00245,nicholas.hoffmann,api_call,HRIS,high,success,192.168.161.101,business_hours
2026-04-19 10:54:05,USR00137,jason.dubois,file_access,Email_Archive,medium,success,192.168.59.141,business_hours
2026-04-19 10:54:05,USR00094,donald.schulz,admin_operation,PROD_DB,high,success,192.168.197.214,business_hours
2026-04-19 10:54:05,USR00269,priya.lim,admin_operation,Admin_Console,medium,success,192.168.117.107,business_hours
2026-04-19 10:54:05,USR00220,arjun.hwang,api_call,PROD_DB,high,success,192.168.14.154,business_hours
2026-04-19 10:54:05,USR00066,ronald.martin,file_access,BI_Tool,low,success,192.168.146.150,business_hours
2026-04-19 10:54:05,USR00028,paul.singh,api_call,File_Share,low,success,192.168.12.230,business_hours
2026-04-20 10:54:05,USR00286,ronald.lee,login,Customer_Vault,high,success,192.168.31.161,business_hours
2026-04-20 10:54:05,USR00107,daniel.anderson,file_access,Customer_Vault,high,success,192.168.198.42,unusual_hours
2026-04-20 10:54:05,USR00185,anthony.thompson,file_access,Data_Lake,medium,success,192.168.160.155,business_hours
2026-04-20 10:54:05,USR00057,zainab.jo,api_call,GL_System,high,success,192.168.45.239,business_hours
2026-04-20 10:54:05,USR00078,christopher.menon,admin_operation,HRIS,high,success,192.168.5.244,business_hours
